,TF,Target,Label
0,68,923,1
1,68,158,1
2,68,125,1
3,68,1017,1
4,68,1149,1
5,68,1297,1
6,1358,1403,1
7,1358,68,1
8,1358,1039,1
9,1358,1149,1
10,1358,158,1
11,1149,1233,1
12,1149,957,1
13,1149,1051,1
14,1149,1102,1
15,1149,819,1
16,1149,951,1
17,1149,1413,1
18,1149,1096,1
19,1149,637,1
20,1149,923,1
21,1149,882,1
22,1149,1017,1
23,1149,754,1
24,1149,175,1
25,1149,103,1
26,1149,665,1
27,1149,348,1
28,1149,447,1
29,1149,193,1
30,1149,68,1
31,1149,881,1
32,1149,1214,1
33,1149,988,1
34,1149,1331,1
35,1149,314,1
36,1149,725,1
37,1149,1365,1
38,1149,1403,1
39,1403,1094,1
40,1403,478,1
41,1403,1358,1
42,1403,1139,1
43,1403,529,1
44,1403,988,1
45,1403,1233,1
46,1403,1017,1
47,1403,345,1
48,1403,1196,1
49,1403,746,1
50,1403,71,1
51,1403,754,1
52,1403,303,1
53,1403,1177,1
54,1403,491,1
55,1403,853,1
56,1403,232,1
57,1403,1039,1
58,1403,882,1
59,1403,158,1
60,1403,1051,1
61,1403,608,1
62,1403,532,1
63,1403,837,1
64,1403,607,1
65,908,823,1
66,908,1177,1
67,908,1271,1
68,908,158,1
69,908,71,1
70,908,1214,1
71,908,821,1
72,908,1057,1
73,908,1139,1
74,908,310,1
75,908,295,1
76,908,1432,1
77,908,1013,1
78,908,642,1
79,908,1051,1
80,908,1422,1
81,908,928,1
82,607,458,1
83,607,1403,1
84,607,1114,1
85,607,1361,1
86,607,823,1
87,607,1214,1
88,607,608,1
89,607,77,1
90,607,1213,1
91,607,748,1
92,607,987,1
93,607,753,1
94,607,1289,1
95,607,882,1
96,607,1083,1
97,607,451,1
98,607,1412,1
99,607,1096,1
100,607,314,1
101,607,643,1
102,607,428,1
103,607,490,1
104,607,545,1
105,607,462,1
106,607,56,1
107,607,236,1
108,607,837,1
109,607,988,1
110,607,637,1
111,607,29,1
112,607,264,1
113,607,651,1
114,607,308,1
115,607,953,1
116,607,1149,1
117,607,1395,1
118,607,590,1
119,607,517,1
120,607,1350,1
121,607,827,1
122,607,454,1
123,607,1419,1
124,607,642,1
125,607,1194,1
126,607,1441,1
127,607,920,1
128,607,461,1
129,336,450,1
130,336,107,1
131,336,666,1
132,336,1254,1
133,336,1143,1
134,336,756,1
135,336,238,1
136,336,765,1
137,336,728,1
138,336,1306,1
139,336,1197,1
140,336,1218,1
141,336,294,1
142,336,703,1
143,336,101,1
144,336,899,1
145,336,1419,1
146,336,530,1
147,336,233,1
148,336,1307,1
149,336,161,1
150,336,1043,1
151,336,1417,1
152,336,624,1
153,336,251,1
154,336,805,1
155,336,339,1
156,336,635,1
157,336,62,1
158,336,1410,1
159,336,272,1
160,336,1159,1
161,336,1408,1
162,336,1350,1
163,336,697,1
164,336,261,1
165,336,80,1
166,336,178,1
167,336,466,1
168,336,1253,1
169,336,1373,1
170,336,876,1
171,336,350,1
172,336,206,1
173,336,1118,1
174,336,836,1
175,336,785,1
176,336,231,1
177,336,1374,1
178,336,514,1
179,624,473,1
180,624,343,1
181,624,1043,1
182,624,238,1
183,624,812,1
184,624,206,1
185,624,815,1
186,624,272,1
187,624,233,1
188,624,335,1
189,624,836,1
190,624,450,1
191,624,1417,1
192,624,835,1
193,624,1118,1
194,624,1374,1
195,624,1202,1
196,624,1205,1
197,624,1056,1
198,624,339,1
199,624,644,1
200,624,178,1
201,624,466,1
202,624,1267,1
203,624,1410,1
204,624,510,1
205,624,1373,1
206,624,1408,1
207,624,551,1
208,624,91,1
209,624,261,1
210,624,697,1
211,624,1307,1
212,624,756,1
213,624,307,1
214,624,876,1
215,624,119,1
216,624,231,1
217,624,1225,1
218,624,1059,1
219,624,765,1
220,624,1159,1
221,624,350,1
222,1210,1254,1
223,1210,91,1
224,1210,1205,1
225,1210,535,1
226,1210,1065,1
227,1210,904,1
228,1210,633,1
229,1210,644,1
230,1210,102,1
231,1210,1060,1
232,1210,1286,1
233,1210,1306,1
234,1210,1064,1
235,1210,213,1
236,1210,453,1
237,1210,780,1
238,1210,311,1
239,535,140,1
240,535,1225,1
241,535,527,1
242,535,1205,1
243,535,373,1
244,535,800,1
245,535,1056,1
246,535,107,1
247,535,1123,1
248,535,812,1
249,535,1060,1
250,535,695,1
251,535,835,1
252,535,466,1
253,535,756,1
254,535,1413,1
255,535,119,1
256,535,915,1
257,535,1442,1
258,535,240,1
259,535,624,1
260,535,1373,1
261,535,231,1
262,535,1059,1
263,535,530,1
264,535,1286,1
265,535,1336,1
266,535,1289,1
267,535,213,1
268,535,876,1
269,535,91,1
270,535,450,1
271,535,329,1
272,535,685,1
273,535,1043,1
274,535,284,1
275,535,720,1
276,535,350,1
277,535,344,1
278,535,453,1
279,535,1267,1
280,535,233,1
281,535,294,1
282,535,1394,1
283,535,1210,1
284,535,780,1
285,535,1253,1
286,381,334,1
287,381,1205,1
288,381,874,1
289,381,1361,1
290,381,590,1
291,381,311,1
292,381,642,1
293,381,150,1
294,381,1294,1
295,381,352,1
296,381,751,1
297,381,296,1
298,381,492,1
299,381,261,1
300,381,223,1
301,381,341,1
302,381,428,1
303,381,458,1
304,381,579,1
305,381,495,1
306,381,787,1
307,381,404,1
308,381,731,1
309,381,817,1
310,381,54,1
311,381,355,1
312,381,1273,1
313,381,403,1
314,381,5,1
315,381,883,1
316,381,1413,1
317,381,493,1
318,381,918,1
319,381,224,1
320,381,435,1
321,381,565,1
322,381,985,1
323,381,143,1
324,381,885,1
325,381,436,1
326,381,113,1
327,381,854,1
328,381,1082,1
329,381,562,1
330,381,1254,1
331,381,1115,1
332,381,376,1
333,381,1213,1
334,381,947,1
335,381,231,1
336,381,1377,1
337,381,211,1
338,381,627,1
339,381,1302,1
340,381,589,1
341,381,111,1
342,381,1326,1
343,381,169,1
344,381,1424,1
345,381,1279,1
346,381,1206,1
347,381,91,1
348,381,636,1
349,381,644,1
350,381,876,1
351,381,441,1
352,381,702,1
353,381,1195,1
354,381,626,1
355,121,876,1
356,121,789,1
357,121,311,1
358,121,1306,1
359,121,1234,1
360,121,527,1
361,121,1254,1
362,121,1265,1
363,121,491,1
364,121,642,1
365,121,899,1
366,121,774,1
367,121,231,1
368,121,810,1
369,121,1205,1
370,121,1160,1
371,121,999,1
372,352,498,1
373,352,223,1
374,352,108,1
375,352,644,1
376,352,1045,1
377,352,712,1
378,352,381,1
379,352,1130,1
380,352,1060,1
381,352,1216,1
382,352,231,1
383,352,1257,1
384,352,215,1
385,352,816,1
386,352,1254,1
387,352,91,1
388,352,466,1
389,352,213,1
390,352,1248,1
391,352,751,1
392,352,1043,1
393,352,1306,1
394,352,495,1
395,352,1413,1
396,65,466,1
397,65,403,1
398,65,633,1
399,65,261,1
400,65,76,1
401,65,1160,1
402,65,350,1
403,65,816,1
404,65,223,1
405,65,1130,1
406,65,1413,1
407,65,495,1
408,65,191,1
409,65,352,1
410,65,751,1
411,65,450,1
412,65,334,1
413,65,491,1
414,65,473,1
415,65,119,1
416,65,376,1
417,65,697,1
418,65,215,1
419,65,624,1
420,65,107,1
421,65,414,1
422,261,65,1
423,261,307,1
424,261,336,1
425,261,1118,1
426,261,1392,1
427,261,1218,1
428,261,1205,1
429,261,633,1
430,261,836,1
431,261,350,1
432,261,915,1
433,261,161,1
434,261,213,1
435,261,635,1
436,261,815,1
437,261,251,1
438,261,206,1
439,261,339,1
440,261,107,1
441,261,1159,1
442,261,381,1
443,261,800,1
444,261,1225,1
445,261,398,1
446,261,876,1
447,261,610,1
448,261,1059,1
449,261,272,1
450,261,466,1
451,261,334,1
452,261,551,1
453,261,91,1
454,261,169,1
455,261,1197,1
456,261,1307,1
457,261,284,1
458,261,703,1
459,261,624,1
460,261,644,1
461,261,1373,1
462,261,1056,1
463,261,812,1
464,261,514,1
465,261,561,1
466,816,1441,1
467,816,627,1
468,816,1279,1
469,816,1255,1
470,816,985,1
471,816,224,1
472,816,1107,1
473,816,798,1
474,816,1257,1
475,816,111,1
476,816,712,1
477,816,274,1
478,816,1254,1
479,816,404,1
480,816,1066,1
481,816,1043,1
482,816,108,1
483,816,1216,1
484,816,565,1
485,816,76,1
486,816,493,1
487,816,441,1
488,816,885,1
489,816,1130,1
490,816,458,1
491,816,1294,1
492,816,464,1
493,816,545,1
494,816,770,1
495,816,854,1
496,816,702,1
497,816,466,1
498,816,403,1
499,816,1424,1
500,816,498,1
501,816,341,1
502,816,603,1
503,816,1206,1
504,816,1248,1
505,816,231,1
506,816,589,1
507,816,215,1
508,816,376,1
509,816,1195,1
510,816,579,1
511,816,883,1
512,816,1096,1
513,816,787,1
514,816,1045,1
515,816,258,1
516,816,428,1
517,816,1273,1
518,816,143,1
519,816,1115,1
520,816,54,1
521,816,922,1
522,816,1082,1
523,816,590,1
524,816,334,1
525,816,837,1
526,816,573,1
527,816,94,1
528,816,1121,1
529,816,562,1
530,816,1205,1
531,816,435,1
532,816,1117,1
533,491,1230,1
534,491,884,1
535,491,1441,1
536,491,140,1
537,491,216,1
538,491,1138,1
539,491,293,1
540,491,105,1
541,491,290,1
542,491,29,1
543,491,919,1
544,491,877,1
545,491,419,1
546,491,904,1
547,491,1237,1
548,491,335,1
549,491,535,1
550,491,403,1
551,491,1191,1
552,491,1233,1
553,491,367,1
554,491,125,1
555,491,1056,1
556,491,334,1
557,491,1297,1
558,491,651,1
559,491,1168,1
560,491,1442,1
561,491,428,1
562,491,1160,1
563,491,810,1
564,491,299,1
565,491,405,1
566,491,425,1
567,491,121,1
568,491,314,1
569,491,108,1
570,491,1403,1
571,491,451,1
572,491,364,1
573,491,1368,1
574,491,508,1
575,491,107,1
576,491,1159,1
577,491,988,1
578,491,1059,1
579,491,147,1
580,491,685,1
581,491,1057,1
582,491,525,1
583,491,25,1
584,491,827,1
585,491,545,1
586,491,1386,1
587,491,209,1
588,491,920,1
589,491,640,1
590,491,66,1
591,491,811,1
592,491,397,1
593,491,1329,1
594,491,1045,1
595,491,442,1
596,491,1213,1
597,491,212,1
598,491,204,1
599,491,1395,1
600,491,502,1
601,491,910,1
602,491,1201,1
603,491,1289,1
604,491,590,1
605,491,1431,1
606,491,1394,1
607,491,65,1
608,491,693,1
609,491,62,1
610,491,837,1
611,491,1391,1
612,491,462,1
613,491,466,1
614,491,232,1
615,491,1378,1
616,491,215,1
617,491,458,1
618,491,1350,1
619,491,1419,1
620,491,1019,1
621,491,100,1
622,491,753,1
623,491,714,1
624,491,485,1
625,491,251,1
626,491,1124,1
627,1394,311,1
628,1394,1065,1
629,1394,1043,1
630,1394,1059,1
631,1394,91,1
632,1394,1308,1
633,1394,753,1
634,1394,1254,1
635,1394,904,1
636,1394,861,1
637,1394,1279,1
638,1394,1286,1
639,1394,491,1
640,1394,405,1
641,1394,1160,1
642,1394,1056,1
643,1394,899,1
644,1394,984,1
645,1394,1306,1
646,1394,1159,1
647,1394,466,1
648,1394,231,1
649,1394,1205,1
650,1394,344,1
651,355,1337,1
652,355,111,1
653,355,798,1
654,355,76,1
655,355,113,1
656,355,1130,1
657,355,985,1
658,355,1043,1
659,355,143,1
660,355,1441,1
661,355,817,1
662,355,1254,1
663,355,816,1
664,355,54,1
665,355,642,1
666,355,258,1
667,355,1183,1
668,355,947,1
669,355,403,1
670,355,1306,1
671,355,516,1
672,355,283,1
673,355,730,1
674,355,627,1
675,355,1279,1
676,355,213,1
677,355,1165,1
678,355,573,1
679,355,618,1
680,355,475,1
681,355,466,1
682,355,302,1
683,355,1361,1
684,355,1248,1
685,355,428,1
686,355,94,1
687,355,854,1
688,355,108,1
689,355,787,1
690,355,404,1
691,355,874,1
692,355,341,1
693,355,211,1
694,355,1331,1
695,355,885,1
696,355,1060,1
697,355,589,1
698,355,1066,1
699,355,1348,1
700,355,493,1
701,355,464,1
702,355,918,1
703,355,712,1
704,355,545,1
705,355,751,1
706,355,1115,1
707,355,770,1
708,355,603,1
709,355,1377,1
710,355,5,1
711,355,495,1
712,355,274,1
713,355,590,1
714,355,327,1
715,355,334,1
716,355,381,1
717,355,311,1
718,355,1376,1
719,355,1421,1
720,355,562,1
721,355,702,1
722,355,731,1
723,355,223,1
724,355,498,1
725,355,435,1
726,355,698,1
727,408,456,1
728,408,381,1
729,408,854,1
730,408,428,1
731,408,883,1
732,408,352,1
733,408,466,1
734,408,1413,1
735,408,787,1
736,408,215,1
737,408,698,1
738,408,327,1
739,408,150,1
740,408,108,1
741,408,1424,1
742,408,5,1
743,408,376,1
744,408,54,1
745,408,885,1
746,408,579,1
747,408,1213,1
748,408,751,1
749,408,565,1
750,408,1255,1
751,408,816,1
752,408,603,1
753,408,702,1
754,408,493,1
755,408,258,1
756,408,76,1
757,408,1205,1
758,408,211,1
759,408,464,1
760,408,213,1
761,408,1254,1
762,408,404,1
763,408,1441,1
764,408,837,1
765,408,1306,1
766,408,1294,1
767,408,1066,1
768,408,91,1
769,408,341,1
770,408,545,1
771,408,1216,1
772,408,1060,1
773,408,301,1
774,408,589,1
775,408,223,1
776,408,143,1
777,408,334,1
778,408,65,1
779,408,441,1
780,408,1082,1
781,408,770,1
782,408,922,1
783,408,283,1
784,408,642,1
785,408,1361,1
786,408,798,1
787,408,1117,1
788,408,1195,1
789,408,296,1
790,408,113,1
791,408,231,1
792,408,1096,1
793,633,405,1
794,633,1417,1
795,633,107,1
796,633,1253,1
797,633,1210,1
798,633,904,1
799,633,350,1
800,633,1413,1
801,633,1205,1
802,633,466,1
803,633,624,1
804,633,473,1
805,633,876,1
806,633,899,1
807,633,1043,1
808,633,91,1
809,633,1160,1
810,633,240,1
811,633,178,1
812,633,119,1
813,633,65,1
814,633,1373,1
815,885,376,1
816,885,1413,1
817,885,355,1
818,885,712,1
819,885,213,1
820,885,352,1
821,885,751,1
822,885,231,1
823,885,249,1
824,885,790,1
825,885,1331,1
826,885,108,1
827,885,644,1
828,885,854,1
829,885,1043,1
830,885,1064,1
831,885,492,1
832,885,1257,1
833,885,1082,1
834,885,876,1
835,885,91,1
836,885,381,1
837,885,1294,1
838,885,1216,1
839,885,466,1
840,885,1213,1
841,885,495,1
842,885,1160,1
843,885,816,1
844,885,562,1
845,885,693,1
846,885,311,1
847,885,113,1
848,885,475,1
849,885,1279,1
850,1160,693,1
851,1160,633,1
852,1160,876,1
853,1160,213,1
854,1160,720,1
855,1160,91,1
856,1160,1043,1
857,1160,272,1
858,1160,780,1
859,1160,121,1
860,1160,65,1
861,1160,1225,1
862,1160,531,1
863,1160,535,1
864,1160,466,1
865,1160,1306,1
866,1160,376,1
867,1160,870,1
868,1160,1297,1
869,1160,125,1
870,1160,644,1
871,1160,527,1
872,1160,491,1
873,473,1267,1
874,473,1306,1
875,473,339,1
876,473,272,1
877,473,251,1
878,473,836,1
879,473,1279,1
880,473,1374,1
881,473,805,1
882,473,635,1
883,473,398,1
884,473,343,1
885,473,899,1
886,473,785,1
887,473,1419,1
888,473,1056,1
889,473,624,1
890,473,261,1
891,473,835,1
892,473,335,1
893,473,628,1
894,473,307,1
895,473,644,1
896,473,1254,1
897,473,213,1
898,473,206,1
899,473,119,1
900,473,1043,1
901,473,753,1
902,473,728,1
903,473,1442,1
904,473,1307,1
905,473,336,1
906,473,551,1
907,473,450,1
908,473,915,1
909,473,1072,1
910,473,697,1
911,473,1218,1
912,473,238,1
913,473,178,1
914,473,876,1
915,473,1321,1
916,473,666,1
917,473,756,1
918,473,140,1
919,473,294,1
920,473,977,1
921,473,953,1
922,473,514,1
923,473,510,1
924,473,1225,1
925,473,288,1
926,473,65,1
927,473,812,1
928,627,947,1
929,627,1326,1
930,627,1115,1
931,627,435,1
932,627,94,1
933,627,731,1
934,627,1213,1
935,627,883,1
936,627,381,1
937,627,1183,1
938,627,215,1
939,627,91,1
940,627,565,1
941,627,231,1
942,627,211,1
943,627,1043,1
944,627,143,1
945,627,545,1
946,627,1424,1
947,627,492,1
948,627,579,1
949,627,1096,1
950,627,922,1
951,627,376,1
952,627,283,1
953,627,1255,1
954,627,327,1
955,627,817,1
956,627,1254,1
957,627,296,1
958,627,698,1
959,627,274,1
960,627,751,1
961,627,428,1
962,627,1206,1
963,627,1205,1
964,627,573,1
965,627,589,1
966,627,456,1
967,627,113,1
968,627,854,1
969,627,408,1
970,627,1121,1
971,627,562,1
972,627,1441,1
973,627,1361,1
974,627,5,1
975,627,837,1
976,627,1066,1
977,627,493,1
978,627,918,1
979,627,475,1
980,627,1082,1
981,627,404,1
982,627,311,1
983,627,874,1
984,627,65,1
985,627,985,1
986,627,464,1
987,627,357,1
988,627,1248,1
989,627,223,1
990,627,258,1
991,627,1060,1
992,495,698,1
993,495,947,1
994,495,1361,1
995,495,1257,1
996,495,716,1
997,495,311,1
998,495,1216,1
999,495,464,1
1000,495,1441,1
1001,495,545,1
1002,495,1195,1
1003,495,1082,1
1004,495,258,1
1005,495,589,1
1006,495,377,1
1007,495,590,1
1008,495,579,1
1009,495,341,1
1010,495,603,1
1011,495,458,1
1012,495,798,1
1013,495,854,1
1014,495,1306,1
1015,495,1108,1
1016,495,883,1
1017,495,441,1
1018,495,1348,1
1019,495,751,1
1020,495,930,1
1021,495,1279,1
1022,495,642,1
1023,495,702,1
1024,495,885,1
1025,495,54,1
1026,495,1337,1
1027,495,874,1
1028,495,428,1
1029,495,573,1
1030,495,1376,1
1031,495,215,1
1032,495,1425,1
1033,495,730,1
1034,495,837,1
1035,495,403,1
1036,495,1115,1
1037,495,1424,1
1038,495,1060,1
1039,495,456,1
1040,495,334,1
1041,495,770,1
1042,495,1205,1
1043,495,376,1
1044,495,618,1
1045,495,918,1
1046,495,1070,1
1047,495,357,1
1048,495,1273,1
1049,495,516,1
1050,495,108,1
1051,495,7,1
1052,495,492,1
1053,495,1353,1
1054,495,1421,1
1055,495,406,1
1056,495,562,1
1057,495,223,1
1058,495,922,1
1059,495,816,1
1060,495,150,1
1061,495,817,1
1062,495,355,1
1063,495,113,1
1064,495,1413,1
1065,495,190,1
1066,495,327,1
1067,495,1408,1
1068,495,352,1
1069,495,1331,1
1070,495,5,1
1071,495,627,1
1072,495,94,1
1073,495,111,1
1074,1216,143,1
1075,1216,603,1
1076,1216,798,1
1077,1216,1424,1
1078,1216,406,1
1079,1216,562,1
1080,1216,1195,1
1081,1216,1294,1
1082,1216,730,1
1083,1216,296,1
1084,1216,54,1
1085,1216,589,1
1086,1216,274,1
1087,1216,1066,1
1088,1216,565,1
1089,1216,1279,1
1090,1216,113,1
1091,1216,357,1
1092,1216,435,1
1093,1216,1206,1
1094,1216,428,1
1095,1216,223,1
1096,1216,770,1
1097,1216,712,1
1098,1216,1255,1
1099,1216,1254,1
1100,1216,1213,1
1101,1216,492,1
1102,1216,642,1
1103,1216,334,1
1104,1216,1337,1
1105,1216,1421,1
1106,1216,1130,1
1107,1216,545,1
1108,1216,1331,1
1109,1216,493,1
1110,1216,433,1
1111,1216,475,1
1112,1216,590,1
1113,1216,918,1
1114,1216,94,1
1115,1216,352,1
1116,1216,627,1
1117,1216,5,1
1118,1216,618,1
1119,1216,1096,1
1120,1216,516,1
1121,1216,1441,1
1122,1216,816,1
1123,1216,1115,1
1124,1216,1121,1
1125,1216,1248,1
1126,1216,441,1
1127,1216,751,1
1128,1216,874,1
1129,1216,885,1
1130,1216,698,1
1131,1216,1117,1
1132,1216,311,1
1133,1216,817,1
1134,1216,355,1
1135,1216,573,1
1136,1216,1361,1
1137,1216,787,1
1138,1216,1045,1
1139,1216,381,1
1140,1216,985,1
1141,1216,947,1
1142,1216,876,1
1143,1216,1075,1
1144,1216,258,1
1145,1216,579,1
1146,1216,1257,1
1147,376,213,1
1148,376,1160,1
1149,376,113,1
1150,376,296,1
1151,376,854,1
1152,376,1279,1
1153,376,1213,1
1154,376,1254,1
1155,376,885,1
1156,376,644,1
1157,376,1043,1
1158,376,108,1
1159,376,562,1
1160,376,54,1
1161,376,816,1
1162,376,1060,1
1163,376,355,1
1164,376,91,1
1165,376,1183,1
1166,376,1066,1
1167,376,1248,1
1168,376,381,1
1169,376,1257,1
1170,376,215,1
1171,376,498,1
1172,376,1294,1
1173,376,922,1
1174,376,985,1
1175,376,751,1
1176,376,352,1
1177,376,495,1
1178,376,790,1
1179,376,1064,1
1180,376,7,1
1181,1413,835,1
1182,1413,751,1
1183,1413,65,1
1184,1413,621,1
1185,1413,231,1
1186,1413,1056,1
1187,1413,1159,1
1188,1413,408,1
1189,1413,1205,1
1190,1413,107,1
1191,1413,666,1
1192,1413,352,1
1193,1413,685,1
1194,1413,76,1
1195,1413,1160,1
1196,1413,1373,1
1197,1413,91,1
1198,1413,495,1
1199,1413,215,1
1200,1413,1307,1
1201,1413,381,1
1202,1413,1241,1
1203,1413,191,1
1204,1413,79,1
1205,1413,1350,1
1206,1413,240,1
1207,1413,387,1
1208,1413,1306,1
1209,1413,1216,1
1210,1413,1246,1
1211,1413,311,1
1212,1413,94,1
1213,1413,491,1
1214,1413,1097,1
1215,1413,522,1
1216,1413,511,1
1217,1413,1107,1
1218,1413,1197,1
1219,1413,753,1
1220,1413,1031,1
1221,1413,1014,1
1222,1413,485,1
1223,1413,498,1
1224,1413,899,1
1225,1413,376,1
1226,1413,213,1
1227,1413,1210,1
1228,1413,453,1
1229,1413,438,1
1230,1413,861,1
1231,1413,1043,1
1232,1413,102,1
1233,1413,568,1
1234,1413,607,1
1235,1413,1149,1
1236,1413,405,1
1237,1413,1254,1
1238,1413,1419,1
1239,1413,837,1
1240,1413,984,1
1241,1413,904,1
1242,28,25,1
1243,28,1043,1
1244,28,218,1
1245,28,213,1
1246,28,442,1
1247,28,1205,1
1248,28,1343,1
1249,28,1264,1
1250,28,486,1
1251,28,581,1
1252,1257,91,1
1253,1257,515,1
1254,1257,1183,1
1255,1257,779,1
1256,1257,408,1
1257,1257,873,1
1258,1257,810,1
1259,1257,752,1
1260,1257,876,1
1261,1257,1209,1
1262,1257,311,1
1263,1257,492,1
1264,1257,899,1
1265,1257,143,1
1266,1257,1213,1
1267,1257,381,1
1268,1257,296,1
1269,1257,644,1
1270,1257,892,1
1271,1257,372,1
1272,1257,355,1
1273,1257,1082,1
1274,1257,403,1
1275,1257,495,1
1276,1257,1043,1
1277,1257,562,1
1278,1306,28,1
1279,1306,1257,1
1280,1306,213,1
1281,1306,1043,1
1282,1306,408,1
1283,1306,450,1
1284,1306,644,1
1285,1306,1402,1
1286,1306,119,1
1287,1306,812,1
1288,1306,1132,1
1289,1306,876,1
1290,1306,355,1
1291,1306,473,1
1292,1306,384,1
1293,1306,376,1
1294,1306,780,1
1295,1306,627,1
1296,1306,1210,1
1297,1306,1394,1
1298,1306,1413,1
1299,1306,352,1
1300,1306,1213,1
1301,1306,1248,1
1302,1306,1286,1
1303,1306,885,1
1304,1306,486,1
1305,1306,693,1
1306,1306,531,1
1307,1306,861,1
1308,1306,231,1
1309,1306,311,1
1310,1306,1246,1
1311,1248,1205,1
1312,1248,91,1
1313,1248,381,1
1314,1248,231,1
1315,1248,1257,1
1316,1248,1015,1
1317,1248,644,1
1318,1248,1144,1
1319,1248,1043,1
1320,1248,495,1
1321,1248,894,1
1322,1248,1213,1
1323,1248,816,1
1324,1248,1306,1
1325,1248,408,1
1326,1248,352,1
1327,1248,876,1
1328,697,119,1
1329,697,238,1
1330,697,261,1
1331,697,1205,1
1332,697,65,1
1333,697,311,1
1334,697,1253,1
1335,697,561,1
1336,697,336,1
1337,697,343,1
1338,697,107,1
1339,697,1417,1
1340,697,294,1
1341,697,815,1
1342,697,284,1
1343,697,398,1
1344,697,466,1
1345,697,835,1
1346,697,235,1
1347,697,756,1
1348,697,915,1
1349,697,1279,1
1350,697,161,1
1351,697,624,1
1352,697,1408,1
1353,697,178,1
1354,697,473,1
1355,697,1442,1
1356,697,535,1
1357,697,251,1
1358,697,1374,1
1359,697,836,1
1360,697,1254,1
1361,697,1350,1
1362,697,510,1
1363,697,703,1
1364,697,1410,1
1365,697,307,1
1366,697,633,1
1367,697,876,1
1368,697,635,1
1369,697,272,1
1370,697,666,1
1371,697,1059,1
1372,697,899,1
1373,697,1161,1
1374,697,1218,1
1375,697,551,1
1376,119,1118,1
1377,119,231,1
1378,119,1225,1
1379,119,206,1
1380,119,65,1
1381,119,1059,1
1382,119,107,1
1383,119,1123,1
1384,119,1336,1
1385,119,335,1
1386,119,785,1
1387,119,510,1
1388,119,1043,1
1389,119,343,1
1390,119,1417,1
1391,119,350,1
1392,119,514,1
1393,119,213,1
1394,119,800,1
1395,119,815,1
1396,119,450,1
1397,119,695,1
1398,119,80,1
1399,119,1253,1
1400,119,238,1
1401,119,473,1
1402,119,1419,1
1403,119,1056,1
1404,119,697,1
1405,119,91,1
1406,119,161,1
1407,119,273,1
1408,119,307,1
1409,119,1392,1
1410,119,522,1
1411,119,551,1
1412,119,62,1
1413,119,1442,1
1414,119,835,1
1415,119,1350,1
1416,119,284,1
1417,119,336,1
1418,119,1307,1
1419,119,1205,1
1420,119,1159,1
1421,119,398,1
1422,119,1321,1
1423,119,765,1
1424,119,1279,1
1425,119,1161,1
1426,119,876,1
1427,693,231,1
1428,693,1009,1
1429,693,873,1
1430,693,1306,1
1431,693,1254,1
1432,693,752,1
1433,693,296,1
1434,693,1183,1
1435,693,1160,1
1436,693,940,1
1437,693,91,1
1438,693,1114,1
1439,693,1205,1
1440,693,793,1
1441,693,790,1
1442,693,376,1
1443,693,403,1
1444,693,562,1
1445,693,1209,1
1446,693,885,1
1447,12,757,1
1448,12,1154,1
1449,12,625,1
1450,757,625,1
1451,625,12,1
1452,957,1138,1
1453,957,55,1
1454,957,314,1
1455,957,29,1
1456,957,837,1
1457,957,625,1
1458,957,1183,1
1459,957,1431,1
1460,957,1149,1
1461,957,1368,1
1462,957,445,1
1463,957,56,1
1464,957,1269,1
1465,957,638,1
1466,957,870,1
1467,957,1386,1
1468,1202,1267,1
1469,1202,766,1
1470,1202,1029,1
1471,1202,677,1
1472,1202,1163,1
1473,1202,63,1
1474,1202,591,1
1475,1202,1307,1
1476,1202,336,1
1477,1202,450,1
1478,1202,1350,1
1479,1202,251,1
1480,1202,697,1
1481,1202,1417,1
1482,1202,1059,1
1483,1202,514,1
1484,1202,277,1
1485,1202,107,1
1486,1202,55,1
1487,1202,1246,1
1488,1202,560,1
1489,1202,1253,1
1490,1202,1279,1
1491,1202,1442,1
1492,1202,805,1
1493,1202,877,1
1494,1202,178,1
1495,1202,140,1
1496,1202,832,1
1497,1202,1444,1
1498,172,805,1
1499,172,566,1
1500,695,644,1
1501,695,756,1
1502,695,251,1
1503,695,1279,1
1504,695,107,1
1505,695,1159,1
1506,695,206,1
1507,695,915,1
1508,695,510,1
1509,695,1031,1
1510,695,673,1
1511,695,1419,1
1512,695,62,1
1513,695,1307,1
1514,695,785,1
1515,695,953,1
1516,695,1442,1
1517,695,1123,1
1518,695,344,1
1519,695,871,1
1520,695,178,1
1521,695,1143,1
1522,695,335,1
1523,695,140,1
1524,695,1118,1
1525,695,1225,1
1526,695,1350,1
1527,695,1237,1
1528,695,473,1
1529,695,1336,1
1530,695,560,1
1531,695,1417,1
1532,335,115,1
1533,335,277,1
1534,335,344,1
1535,335,466,1
1536,335,1307,1
1537,335,953,1
1538,335,1392,1
1539,335,233,1
1540,335,1442,1
1541,335,473,1
1542,335,119,1
1543,335,560,1
1544,335,1321,1
1545,335,1417,1
1546,335,1143,1
1547,335,1118,1
1548,335,568,1
1549,335,1237,1
1550,335,785,1
1551,335,835,1
1552,335,1253,1
1553,335,1072,1
1554,335,178,1
1555,335,1279,1
1556,335,1265,1
1557,335,510,1
1558,335,1159,1
1559,335,251,1
1560,335,140,1
1561,335,815,1
1562,335,273,1
1563,335,1310,1
1564,335,756,1
1565,335,1059,1
1566,335,1444,1
1567,335,1014,1
1568,335,1225,1
1569,335,915,1
1570,335,1043,1
1571,335,1336,1
1572,335,512,1
1573,335,1031,1
1574,335,946,1
1575,335,62,1
1576,1069,56,1
1577,1069,293,1
1578,953,212,1
1579,953,284,1
1580,953,1159,1
1581,953,107,1
1582,953,684,1
1583,953,238,1
1584,953,335,1
1585,953,1056,1
1586,953,56,1
1587,953,1031,1
1588,953,125,1
1589,953,178,1
1590,953,607,1
1591,953,835,1
1592,953,2,1
1593,953,510,1
1594,953,704,1
1595,953,877,1
1596,953,1143,1
1597,953,206,1
1598,953,608,1
1599,953,695,1
1600,953,756,1
1601,953,1279,1
1602,953,677,1
1603,953,1253,1
1604,953,1392,1
1605,953,491,1
1606,953,0,1
1607,953,1417,1
1608,953,1123,1
1609,953,62,1
1610,953,1059,1
1611,953,277,1
1612,468,886,1
1613,468,637,1
1614,468,695,1
1615,468,314,1
1616,468,1115,1
1617,1236,1311,1
1618,1236,1096,1
1619,1236,246,1
1620,1236,87,1
1621,1236,688,1
1622,290,1274,1
1623,290,837,1
1624,290,702,1
1625,290,491,1
1626,1447,568,1
1627,1447,380,1
1628,1447,718,1
1629,1447,115,1
1630,1447,1097,1
1631,1447,100,1
1632,1447,309,1
1633,1447,1413,1
1634,1447,439,1
1635,1447,873,1
1636,1447,16,1
1637,1447,621,1
1638,1447,1309,1
1639,1447,844,1
1640,1183,693,1
1641,1183,752,1
1642,1183,258,1
1643,1183,16,1
1644,1183,380,1
1645,1183,376,1
1646,1183,1114,1
1647,1183,627,1
1648,1183,1004,1
1649,1183,1216,1
1650,1183,491,1
1651,1183,1130,1
1652,1183,309,1
1653,1183,427,1
1654,1183,1082,1
1655,1183,692,1
1656,1183,29,1
1657,1183,355,1
1658,1183,1409,1
1659,1183,381,1
1660,1183,495,1
1661,1183,793,1
1662,1183,99,1
1663,1183,844,1
1664,1183,779,1
1665,125,155,1
1666,125,1365,1
1667,125,1297,1
1668,125,939,1
1669,125,1098,1
1670,125,1184,1
1671,125,770,1
1672,125,837,1
1673,125,706,1
1674,125,263,1
1675,125,1395,1
1676,125,403,1
1677,125,1289,1
1678,125,790,1
1679,125,642,1
1680,125,1103,1
1681,125,419,1
1682,125,638,1
1683,125,1368,1
1684,125,314,1
1685,125,748,1
1686,125,753,1
1687,125,917,1
1688,125,1386,1
1689,125,209,1
1690,125,532,1
1691,125,864,1
1692,125,20,1
1693,125,602,1
1694,1297,864,1
1695,1297,862,1
1696,1297,545,1
1697,1297,790,1
1698,1297,1160,1
1699,1297,1158,1
1700,1297,1445,1
1701,1297,607,1
1702,1297,532,1
1703,1297,263,1
1704,1297,630,1
1705,1297,157,1
1706,1297,194,1
1707,1297,491,1
1708,1297,419,1
1709,1297,403,1
1710,1297,1289,1
1711,1297,706,1
1712,1297,1098,1
1713,1297,787,1
1714,1297,643,1
1715,1297,418,1
1716,1297,1103,1
1717,1297,451,1
1718,1297,1051,1
1719,1297,939,1
1720,1297,209,1
1721,76,627,1
1722,76,1279,1
1723,76,376,1
1724,76,140,1
1725,76,296,1
1726,76,1130,1
1727,76,885,1
1728,76,822,1
1729,76,498,1
1730,76,691,1
1731,76,495,1
1732,76,1447,1
1733,76,1409,1
1734,76,884,1
1735,76,439,1
1736,76,1132,1
1737,76,621,1
1738,76,380,1
1739,76,751,1
1740,76,455,1
1741,76,1413,1
1742,76,1338,1
1743,76,65,1
1744,76,668,1
1745,76,816,1
1746,76,115,1
1747,76,1082,1
1748,76,408,1
1749,76,1216,1
1750,76,864,1
1751,76,1348,1
1752,1130,1338,1
1753,1130,498,1
1754,1130,752,1
1755,1130,621,1
1756,1130,1447,1
1757,1130,380,1
1758,1130,816,1
1759,1130,1082,1
1760,1130,1216,1
1761,1130,296,1
1762,1130,864,1
1763,1130,215,1
1764,1130,627,1
1765,1130,1409,1
1766,1130,691,1
1767,1130,352,1
1768,1130,1348,1
1769,1130,455,1
1770,1130,65,1
1771,1130,751,1
1772,1130,408,1
1773,1130,884,1
1774,1130,666,1
1775,1130,355,1
1776,1130,223,1
1777,1130,495,1
1778,1130,140,1
1779,1130,1132,1
1780,1130,309,1
1781,1130,376,1
1782,1130,381,1
1783,16,1183,1
1784,16,1082,1
1785,16,668,1
1786,16,296,1
1787,16,1132,1
1788,16,1130,1
1789,16,636,1
1790,16,380,1
1791,16,621,1
1792,16,492,1
1793,16,718,1
1794,16,692,1
1795,16,140,1
1796,16,1097,1
1797,16,76,1
1798,16,439,1
1799,16,864,1
1800,16,666,1
1801,296,1309,1
1802,296,885,1
1803,296,1114,1
1804,296,380,1
1805,296,1409,1
1806,296,376,1
1807,296,16,1
1808,296,1216,1
1809,296,1082,1
1810,296,752,1
1811,296,816,1
1812,296,495,1
1813,296,1257,1
1814,296,1130,1
1815,296,1009,1
1816,296,879,1
1817,296,309,1
1818,296,668,1
1819,296,143,1
1820,296,693,1
1821,296,76,1
1822,439,1409,1
1823,439,568,1
1824,439,666,1
1825,439,718,1
1826,439,621,1
1827,439,76,1
1828,439,309,1
1829,439,1447,1
1830,439,380,1
1831,439,873,1
1832,439,1097,1
1833,439,1130,1
1834,774,1396,1
1835,774,121,1
1836,1117,922,1
1837,1117,730,1
1838,1117,1068,1
1839,1117,169,1
1840,1117,816,1
1841,1117,408,1
1842,1117,355,1
1843,1117,1421,1
1844,1117,150,1
1845,1117,52,1
1846,1117,327,1
1847,1117,436,1
1848,1117,1294,1
1849,1117,854,1
1850,1117,1216,1
1851,1117,1377,1
1852,1117,1425,1
1853,490,607,1
1854,490,29,1
1855,490,64,1
1856,490,1149,1
1857,490,491,1
1858,29,815,1
1859,29,835,1
1860,29,466,1
1861,29,428,1
1862,29,1289,1
1863,29,115,1
1864,29,1338,1
1865,29,490,1
1866,29,1056,1
1867,29,1183,1
1868,29,666,1
1869,29,1079,1
1870,29,638,1
1871,29,568,1
1872,29,748,1
1873,29,664,1
1874,29,628,1
1875,29,753,1
1876,29,491,1
1877,29,607,1
1878,29,69,1
1879,29,518,1
1880,308,230,1
1881,308,73,1
1882,308,77,1
1883,308,299,1
1884,308,1029,1
1885,308,498,1
1886,308,143,1
1887,308,1439,1
1888,308,733,1
1889,308,1114,1
1890,64,209,1
1891,64,849,1
1892,64,1079,1
1893,418,264,1
1894,418,545,1
1895,418,1297,1
1896,418,490,1
1897,418,787,1
1898,418,1348,1
1899,1067,18,1
1900,1067,694,1
1901,1067,1262,1
1902,1067,88,1
1903,1067,1125,1
1904,1067,1185,1
1905,1067,1350,1
1906,1067,1276,1
1907,0,344,1
1908,0,1289,1
1909,0,518,1
1910,0,987,1
1911,0,107,1
1912,0,1419,1
1913,0,1059,1
1914,0,748,1
1915,0,953,1
1916,0,608,1
1917,0,334,1
1918,0,756,1
1919,0,1253,1
1920,0,277,1
1921,0,1350,1
1922,0,643,1
1923,0,178,1
1924,0,789,1
1925,664,835,1
1926,664,212,1
1927,664,1350,1
1928,664,607,1
1929,664,1253,1
1930,212,107,1
1931,212,1336,1
1932,212,756,1
1933,212,915,1
1934,212,1123,1
1935,212,238,1
1936,212,953,1
1937,212,277,1
1938,212,284,1
1939,212,1059,1
1940,212,1392,1
1941,212,1307,1
1942,212,491,1
1943,334,835,1
1944,334,891,1
1945,334,506,1
1946,334,249,1
1947,334,627,1
1948,334,748,1
1949,334,827,1
1950,334,355,1
1951,334,793,1
1952,334,1138,1
1953,334,632,1
1954,334,635,1
1955,334,702,1
1956,334,825,1
1957,334,566,1
1958,334,787,1
1959,334,251,1
1960,334,658,1
1961,334,1094,1
1962,334,862,1
1963,334,408,1
1964,334,570,1
1965,334,56,1
1966,334,1283,1
1967,334,953,1
1968,334,1124,1
1969,334,518,1
1970,334,2,1
1971,334,1072,1
1972,334,561,1
1973,334,381,1
1974,334,1230,1
1975,334,917,1
1976,334,1321,1
1977,334,403,1
1978,334,1289,1
1979,334,122,1
1980,334,272,1
1981,334,1199,1
1982,334,259,1
1983,334,491,1
1984,334,1297,1
1985,334,1408,1
1986,334,495,1
1987,334,816,1
1988,334,204,1
1989,334,915,1
1990,334,573,1
1991,334,626,1
1992,334,1190,1
1993,334,143,1
1994,334,1441,1
1995,334,1218,1
1996,339,473,1
1997,339,561,1
1998,339,765,1
1999,339,350,1
2000,339,876,1
2001,339,697,1
2002,339,343,1
2003,339,1350,1
2004,339,1043,1
2005,339,624,1
2006,339,644,1
2007,339,336,1
2008,339,728,1
2009,339,398,1
2010,339,450,1
2011,339,1374,1
2012,339,836,1
2013,643,628,1
2014,643,209,1
2015,643,608,1
2016,643,607,1
2017,643,1062,1
2018,643,334,1
2019,643,597,1
2020,643,29,1
2021,643,1289,1
2022,643,1350,1
2023,643,0,1
2024,643,156,1
2025,643,835,1
2026,977,473,1
2027,977,1419,1
2028,977,835,1
2029,977,1230,1
2030,977,912,1
2031,445,638,1
2032,445,108,1
2033,445,835,1
2034,445,3,1
2035,748,29,1
2036,748,1350,1
2037,748,835,1
2038,748,125,1
2039,748,608,1
2040,748,213,1
2041,748,107,1
2042,748,643,1
2043,748,209,1
2044,748,1062,1
2045,748,1289,1
2046,1289,204,1
2047,1289,466,1
2048,1289,20,1
2049,1289,1297,1
2050,1289,0,1
2051,1289,780,1
2052,1289,107,1
2053,1289,403,1
2054,1289,155,1
2055,1289,535,1
2056,1289,825,1
2057,1289,628,1
2058,1289,213,1
2059,1289,29,1
2060,1289,272,1
2061,1289,608,1
2062,1289,643,1
2063,1289,485,1
2064,1289,1022,1
2065,1289,251,1
2066,1289,1350,1
2067,1289,530,1
2068,1289,570,1
2069,1289,862,1
2070,1289,518,1
2071,1289,835,1
2072,1289,125,1
2073,1289,857,1
2074,836,466,1
2075,836,161,1
2076,836,697,1
2077,836,1392,1
2078,836,343,1
2079,836,339,1
2080,836,350,1
2081,836,765,1
2082,836,213,1
2083,836,336,1
2084,836,876,1
2085,836,1374,1
2086,836,815,1
2087,836,473,1
2088,836,1350,1
2089,836,398,1
2090,1392,836,1
2091,1392,1417,1
2092,1392,1072,1
2093,1392,871,1
2094,1392,1267,1
2095,1392,1059,1
2096,1392,1038,1
2097,1392,80,1
2098,1392,704,1
2099,1392,0,1
2100,1392,55,1
2101,1392,689,1
2102,1392,766,1
2103,1392,63,1
2104,1392,514,1
2105,1392,240,1
2106,1392,306,1
2107,1392,1419,1
2108,1392,1307,1
2109,1392,1202,1
2110,1392,1097,1
2111,1392,212,1
2112,1392,277,1
2113,1392,877,1
2114,1392,832,1
2115,1392,697,1
2116,1392,560,1
2117,1392,717,1
2118,1392,107,1
2119,1392,915,1
2120,1392,273,1
2121,1392,591,1
2122,1392,336,1
2123,1392,673,1
2124,1392,1444,1
2125,1392,350,1
2126,1392,1350,1
2127,1392,62,1
2128,1392,756,1
2129,1392,251,1
2130,1392,1336,1
2131,1392,140,1
2132,1392,1253,1
2133,1161,272,1
2134,1161,1213,1
2135,1161,361,1
2136,1161,238,1
2137,1161,119,1
2138,1161,560,1
2139,1161,80,1
2140,1161,1159,1
2141,1161,428,1
2142,1161,704,1
2143,1161,107,1
2144,1161,1267,1
2145,1161,1123,1
2146,1161,235,1
2147,1161,673,1
2148,1161,1310,1
2149,1161,209,1
2150,1161,473,1
2151,1161,1417,1
2152,1161,62,1
2153,1161,915,1
2154,1161,697,1
2155,1161,1350,1
2156,1161,140,1
2157,1161,293,1
2158,589,1320,1
2159,589,280,1
2160,589,883,1
2161,589,1361,1
2162,589,258,1
2163,589,730,1
2164,589,1176,1
2165,589,458,1
2166,589,579,1
2167,589,224,1
2168,589,435,1
2169,589,627,1
2170,589,918,1
2171,589,930,1
2172,589,211,1
2173,589,495,1
2174,589,817,1
2175,589,1256,1
2176,589,1206,1
2177,589,464,1
2178,589,1121,1
2179,589,165,1
2180,589,441,1
2181,589,151,1
2182,589,73,1
2183,589,947,1
2184,589,1075,1
2185,589,770,1
2186,589,1326,1
2187,589,274,1
2188,589,565,1
2189,589,498,1
2190,589,493,1
2191,589,482,1
2192,589,408,1
2193,883,224,1
2194,883,1326,1
2195,883,1255,1
2196,883,404,1
2197,883,464,1
2198,883,1029,1
2199,883,274,1
2200,883,1075,1
2201,883,1216,1
2202,883,151,1
2203,883,435,1
2204,883,999,1
2205,883,381,1
2206,883,770,1
2207,883,258,1
2208,883,769,1
2209,883,341,1
2210,883,627,1
2211,883,1121,1
2212,883,1424,1
2213,883,1108,1
2214,883,482,1
2215,883,947,1
2216,883,642,1
2217,883,458,1
2218,883,165,1
2219,883,498,1
2220,883,565,1
2221,883,589,1
2222,903,482,1
2223,903,493,1
2224,903,1305,1
2225,903,259,1
2226,903,1320,1
2227,903,5,1
2228,903,151,1
2229,903,1029,1
2230,903,318,1
2231,903,769,1
2232,903,306,1
2233,1206,930,1
2234,1206,360,1
2235,1206,770,1
2236,1206,627,1
2237,1206,237,1
2238,1206,1255,1
2239,1206,1193,1
2240,1206,798,1
2241,1206,642,1
2242,1206,817,1
2243,1206,341,1
2244,1206,408,1
2245,1206,318,1
2246,1206,903,1
2247,1206,816,1
2248,1206,258,1
2249,1206,583,1
2250,1206,116,1
2251,1206,1029,1
2252,1206,306,1
2253,1206,151,1
2254,1206,597,1
2255,1206,1075,1
2256,1206,1320,1
2257,1206,1361,1
2258,1206,355,1
2259,1206,1216,1
2260,1206,381,1
2261,1206,1163,1
2262,1206,5,1
2263,1206,211,1
2264,1206,883,1
2265,1206,30,1
2266,1206,495,1
2267,1206,1305,1
2268,25,1343,1
2269,25,268,1
2270,25,1010,1
2271,25,28,1
2272,25,482,1
2273,25,769,1
2274,25,84,1
2275,25,1156,1
2276,25,1320,1
2277,25,491,1
2278,25,606,1
2279,597,5,1
2280,597,259,1
2281,597,1029,1
2282,597,1206,1
2283,597,237,1
2284,597,360,1
2285,597,1163,1
2286,597,769,1
2287,597,482,1
2288,597,643,1
2289,597,306,1
2290,1255,642,1
2291,1255,280,1
2292,1255,464,1
2293,1255,1206,1
2294,1255,224,1
2295,1255,1326,1
2296,1255,428,1
2297,1255,769,1
2298,1255,798,1
2299,1255,211,1
2300,1255,749,1
2301,1255,816,1
2302,1255,482,1
2303,1255,770,1
2304,1255,458,1
2305,1255,435,1
2306,1255,493,1
2307,1255,1320,1
2308,1255,357,1
2309,1255,151,1
2310,1255,404,1
2311,1255,381,1
2312,1255,1361,1
2313,1255,30,1
2314,1255,274,1
2315,1255,883,1
2316,1255,930,1
2317,1255,565,1
2318,1255,132,1
2319,1255,165,1
2320,1255,355,1
2321,441,341,1
2322,441,211,1
2323,441,1326,1
2324,441,642,1
2325,441,464,1
2326,441,306,1
2327,441,435,1
2328,441,165,1
2329,441,883,1
2330,441,672,1
2331,441,1029,1
2332,441,947,1
2333,441,930,1
2334,441,769,1
2335,441,357,1
2336,441,274,1
2337,441,1206,1
2338,441,770,1
2339,441,458,1
2340,441,817,1
2341,441,1108,1
2342,441,1075,1
2343,441,408,1
2344,441,627,1
2345,441,1361,1
2346,441,1320,1
2347,441,498,1
2348,441,5,1
2349,441,1424,1
2350,789,891,1
2351,789,1320,1
2352,789,717,1
2353,789,1059,1
2354,789,121,1
2355,789,689,1
2356,789,491,1
2357,789,769,1
2358,789,987,1
2359,789,1408,1
2360,789,1321,1
2361,789,1242,1
2362,789,1305,1
2363,789,1163,1
2364,789,482,1
2365,789,229,1
2366,789,673,1
2367,789,1029,1
2368,789,0,1
2369,789,953,1
2370,789,122,1
2371,5,1255,1
2372,5,258,1
2373,5,237,1
2374,5,1206,1
2375,5,498,1
2376,5,259,1
2377,5,464,1
2378,5,817,1
2379,5,435,1
2380,5,1305,1
2381,5,770,1
2382,5,458,1
2383,5,918,1
2384,5,441,1
2385,5,583,1
2386,5,1163,1
2387,5,700,1
2388,5,211,1
2389,5,493,1
2390,5,360,1
2391,5,627,1
2392,5,151,1
2393,5,769,1
2394,5,495,1
2395,5,642,1
2396,5,404,1
2397,5,1216,1
2398,5,274,1
2399,5,1256,1
2400,5,355,1
2401,5,565,1
2402,5,903,1
2403,5,730,1
2404,5,947,1
2405,5,1361,1
2406,5,793,1
2407,357,579,1
2408,357,1163,1
2409,357,883,1
2410,357,589,1
2411,357,930,1
2412,357,1029,1
2413,357,565,1
2414,357,493,1
2415,357,918,1
2416,357,798,1
2417,357,482,1
2418,357,1326,1
2419,357,341,1
2420,357,404,1
2421,357,381,1
2422,357,408,1
2423,357,151,1
2424,357,1206,1
2425,357,258,1
2426,357,498,1
2427,357,165,1
2428,357,274,1
2429,357,441,1
2430,357,642,1
2431,357,1216,1
2432,357,1320,1
2433,357,495,1
2434,357,306,1
2435,357,30,1
2436,341,1029,1
2437,341,408,1
2438,341,482,1
2439,341,1356,1
2440,341,211,1
2441,341,280,1
2442,341,816,1
2443,341,195,1
2444,341,930,1
2445,341,441,1
2446,341,1075,1
2447,341,730,1
2448,341,495,1
2449,341,224,1
2450,341,360,1
2451,341,579,1
2452,341,404,1
2453,341,498,1
2454,341,355,1
2455,341,383,1
2456,341,1424,1
2457,341,458,1
2458,341,435,1
2459,341,493,1
2460,341,762,1
2461,341,73,1
2462,341,5,1
2463,341,258,1
2464,341,30,1
2465,341,817,1
2466,341,883,1
2467,341,769,1
2468,341,357,1
2469,341,700,1
2470,341,351,1
2471,341,381,1
2472,341,464,1
2473,56,293,1
2474,56,1350,1
2475,56,1102,1
2476,56,491,1
2477,56,957,1
2478,56,1440,1
2479,56,236,1
2480,56,249,1
2481,56,7,1
2482,56,837,1
2483,56,1319,1
2484,56,334,1
2485,56,1264,1
2486,56,970,1
2487,56,912,1
2488,56,121,1
2489,56,147,1
2490,56,272,1
2491,56,810,1
2492,56,209,1
2493,56,816,1
2494,56,1025,1
2495,56,953,1
2496,56,1056,1
2497,56,525,1
2498,56,607,1
2499,810,880,1
2500,810,892,1
2501,810,899,1
2502,810,385,1
2503,810,780,1
2504,810,535,1
2505,810,67,1
2506,810,527,1
2507,810,1056,1
2508,810,876,1
2509,810,515,1
2510,810,800,1
2511,810,372,1
2512,810,861,1
2513,810,405,1
2514,810,466,1
2515,810,904,1
2516,810,1306,1
2517,810,1343,1
2518,1138,259,1
2519,1138,862,1
2520,1138,373,1
2521,1138,125,1
2522,1138,1199,1
2523,1138,837,1
2524,1138,272,1
2525,1138,597,1
2526,1138,157,1
2527,1138,1368,1
2528,1138,825,1
2529,1138,1108,1
2530,1138,868,1
2531,1138,1251,1
2532,1138,468,1
2533,1138,573,1
2534,1138,491,1
2535,1138,1249,1
2536,1138,643,1
2537,1138,209,1
2538,1138,983,1
2539,1138,570,1
2540,1138,1241,1
2541,1138,1094,1
2542,1138,1297,1
2543,1138,219,1
2544,1138,1370,1
2545,1138,1408,1
2546,1138,658,1
2547,1138,917,1
2548,1138,1124,1
2549,1138,1319,1
2550,19,837,1
2551,19,886,1
2552,19,1249,1
2553,19,983,1
2554,19,1369,1
2555,1348,455,1
2556,1348,1368,1
2557,1348,407,1
2558,1348,787,1
2559,1348,1338,1
2560,1348,816,1
2561,1348,1130,1
2562,1348,822,1
2563,1348,884,1
2564,1348,76,1
2565,1348,1216,1
2566,1348,418,1
2567,1348,451,1
2568,1348,779,1
2569,1348,495,1
2570,1348,56,1
2571,1348,60,1
2572,1348,1297,1
2573,7,355,1
2574,7,475,1
2575,7,495,1
2576,7,56,1
2577,7,922,1
2578,7,1294,1
2579,7,403,1
2580,7,249,1
2581,7,1216,1
2582,7,1331,1
2583,7,334,1
2584,7,113,1
2585,7,209,1
2586,638,314,1
2587,638,56,1
2588,638,991,1
2589,638,1107,1
2590,638,608,1
2591,638,125,1
2592,638,1269,1
2593,638,1368,1
2594,638,1395,1
2595,638,957,1
2596,638,251,1
2597,638,753,1
2598,638,607,1
2599,216,209,1
2600,216,1138,1
2601,216,638,1
2602,216,912,1
2603,216,491,1
2604,216,56,1
2605,361,658,1
2606,361,418,1
2607,361,6,1
2608,361,573,1
2609,361,209,1
2610,361,1161,1
2611,361,1408,1
2612,361,294,1
2613,361,293,1
2614,361,428,1
2615,361,334,1
2616,361,403,1
2617,361,932,1
2618,209,1161,1
2619,209,84,1
2620,209,219,1
2621,209,917,1
2622,209,607,1
2623,209,293,1
2624,209,862,1
2625,209,1124,1
2626,209,272,1
2627,209,983,1
2628,209,259,1
2629,209,920,1
2630,209,296,1
2631,209,1289,1
2632,209,403,1
2633,209,249,1
2634,209,643,1
2635,209,1350,1
2636,209,1103,1
2637,209,1241,1
2638,209,361,1
2639,209,157,1
2640,209,85,1
2641,209,1249,1
2642,209,793,1
2643,209,1315,1
2644,209,632,1
2645,209,29,1
2646,209,0,1
2647,209,868,1
2648,209,1441,1
2649,209,753,1
2650,209,373,1
2651,209,603,1
2652,209,204,1
2653,209,608,1
2654,209,1115,1
2655,209,1370,1
2656,209,518,1
2657,209,216,1
2658,209,491,1
2659,209,957,1
2660,209,1194,1
2661,209,448,1
2662,209,707,1
2663,209,1297,1
2664,1102,236,1
2665,1102,886,1
2666,1102,626,1
2667,1102,1331,1
2668,1102,56,1
2669,1102,1369,1
2670,1102,1149,1
2671,1102,983,1
2672,837,603,1
2673,837,442,1
2674,837,428,1
2675,837,753,1
2676,837,314,1
2677,837,403,1
2678,837,155,1
2679,837,408,1
2680,837,461,1
2681,837,355,1
2682,837,608,1
2683,837,373,1
2684,837,1411,1
2685,837,209,1
2686,837,627,1
2687,837,1241,1
2688,837,204,1
2689,837,143,1
2690,837,1395,1
2691,837,1183,1
2692,837,910,1
2693,837,626,1
2694,837,1181,1
2695,837,1370,1
2696,837,381,1
2697,837,1094,1
2698,837,886,1
2699,837,1403,1
2700,837,84,1
2701,837,957,1
2702,837,334,1
2703,837,846,1
2704,837,607,1
2705,837,1216,1
2706,837,1297,1
2707,837,364,1
2708,837,987,1
2709,837,1369,1
2710,837,986,1
2711,837,387,1
2712,837,1333,1
2713,837,125,1
2714,837,573,1
2715,837,1422,1
2716,837,1441,1
2717,147,1159,1
2718,147,545,1
2719,147,428,1
2720,147,651,1
2721,147,451,1
2722,249,1331,1
2723,249,1070,1
2724,249,209,1
2725,249,506,1
2726,249,7,1
2727,249,1408,1
2728,249,1108,1
2729,249,376,1
2730,249,475,1
2731,249,403,1
2732,249,922,1
2733,249,1138,1
2734,249,56,1
2735,892,79,1
2736,892,1225,1
2737,892,720,1
2738,892,65,1
2739,892,800,1
2740,892,372,1
2741,892,527,1
2742,892,810,1
2743,892,240,1
2744,892,67,1
2745,892,899,1
2746,892,511,1
2747,892,251,1
2748,892,1257,1
2749,892,491,1
2750,892,466,1
2751,892,904,1
2752,892,215,1
2753,892,213,1
2754,892,780,1
2755,649,1346,1
2756,649,608,1
2757,649,373,1
2758,649,753,1
2759,649,827,1
2760,649,983,1
2761,649,317,1
2762,649,652,1
2763,649,1260,1
2764,1395,987,1
2765,1395,491,1
2766,1395,287,1
2767,1395,310,1
2768,1395,724,1
2769,1395,607,1
2770,1395,56,1
2771,1395,314,1
2772,1395,125,1
2773,1395,638,1
2774,1395,421,1
2775,1025,56,1
2776,525,635,1
2777,525,367,1
2778,525,293,1
2779,525,912,1
2780,525,1378,1
2781,525,66,1
2782,525,1168,1
2783,525,722,1
2784,236,42,1
2785,236,1186,1
2786,236,1422,1
2787,236,56,1
2788,236,626,1
2789,236,1369,1
2790,236,738,1
2791,236,1048,1
2792,236,1432,1
2793,236,1249,1
2794,236,1440,1
2795,236,807,1
2796,236,908,1
2797,236,1102,1
2798,1083,543,1
2799,1083,461,1
2800,1083,1094,1
2801,1083,607,1
2802,1083,387,1
2803,293,827,1
2804,293,1191,1
2805,293,209,1
2806,293,115,1
2807,293,491,1
2808,293,143,1
2809,293,451,1
2810,293,272,1
2811,293,506,1
2812,293,568,1
2813,293,1241,1
2814,293,1138,1
2815,293,241,1
2816,293,1161,1
2817,293,56,1
2818,293,403,1
2819,293,570,1
2820,293,334,1
2821,293,7,1
2822,293,617,1
2823,272,545,1
2824,272,259,1
2825,272,1161,1
2826,272,361,1
2827,272,925,1
2828,272,1408,1
2829,272,932,1
2830,272,293,1
2831,272,261,1
2832,272,867,1
2833,272,590,1
2834,272,213,1
2835,272,912,1
2836,272,607,1
2837,272,1251,1
2838,272,573,1
2839,272,658,1
2840,272,451,1
2841,272,1213,1
2842,272,294,1
2843,272,428,1
2844,272,403,1
2845,428,827,1
2846,428,1138,1
2847,428,272,1
2848,428,1251,1
2849,428,506,1
2850,428,485,1
2851,428,953,1
2852,428,147,1
2853,428,837,1
2854,428,284,1
2855,428,1350,1
2856,428,626,1
2857,428,209,1
2858,428,702,1
2859,428,361,1
2860,428,143,1
2861,428,204,1
2862,428,1161,1
2863,428,1289,1
2864,428,334,1
2865,428,1441,1
2866,428,627,1
2867,428,1307,1
2868,428,825,1
2869,428,313,1
2870,428,1216,1
2871,428,915,1
2872,428,29,1
2873,428,451,1
2874,428,1413,1
2875,428,495,1
2876,428,607,1
2877,428,56,1
2878,428,1124,1
2879,428,1255,1
2880,724,421,1
2881,724,702,1
2882,724,313,1
2883,724,696,1
2884,724,541,1
2885,724,545,1
2886,724,1395,1
2887,724,56,1
2888,403,658,1
2889,403,1241,1
2890,403,891,1
2891,403,1260,1
2892,403,1124,1
2893,403,932,1
2894,403,627,1
2895,403,837,1
2896,403,827,1
2897,403,1242,1
2898,403,668,1
2899,403,1115,1
2900,403,1441,1
2901,403,673,1
2902,403,272,1
2903,403,635,1
2904,403,789,1
2905,403,361,1
2906,403,125,1
2907,403,1319,1
2908,403,1072,1
2909,403,1190,1
2910,403,85,1
2911,403,749,1
2912,403,825,1
2913,403,293,1
2914,403,868,1
2915,403,573,1
2916,403,1230,1
2917,403,862,1
2918,403,209,1
2919,403,259,1
2920,403,793,1
2921,403,408,1
2922,403,1289,1
2923,403,1043,1
2924,403,1094,1
2925,403,355,1
2926,403,506,1
2927,403,570,1
2928,403,216,1
2929,403,912,1
2930,403,2,1
2931,403,157,1
2932,403,693,1
2933,403,1199,1
2934,403,787,1
2935,403,428,1
2936,403,689,1
2937,403,1321,1
2938,403,381,1
2939,403,204,1
2940,403,1009,1
2941,403,702,1
2942,403,492,1
2943,970,99,1
2944,970,749,1
2945,970,793,1
2946,970,288,1
2947,970,108,1
2948,970,56,1
2949,970,166,1
2950,970,712,1
2951,314,1382,1
2952,314,461,1
2953,314,468,1
2954,314,268,1
2955,314,607,1
2956,314,71,1
2957,314,217,1
2958,314,1297,1
2959,314,1149,1
2960,314,837,1
2961,314,1389,1
2962,314,393,1
2963,314,1177,1
2964,314,82,1
2965,314,1212,1
2966,314,638,1
2967,314,908,1
2968,314,877,1
2969,314,280,1
2970,314,125,1
2971,314,1403,1
2972,314,957,1
2973,314,640,1
2974,314,307,1
2975,314,1056,1
2976,314,325,1
2977,314,608,1
2978,314,387,1
2979,314,1087,1
2980,314,1094,1
2981,314,250,1
2982,314,725,1
2983,314,333,1
2984,314,943,1
2985,314,1436,1
2986,314,1395,1
2987,314,55,1
2988,1249,209,1
2989,1249,1181,1
2990,1249,236,1
2991,1249,852,1
2992,1249,1432,1
2993,1249,1422,1
2994,1249,886,1
2995,1249,85,1
2996,1249,1138,1
2997,1249,19,1
2998,461,1083,1
2999,461,1386,1
3000,461,837,1
3001,461,1274,1
3002,461,1411,1
3003,461,387,1
3004,1368,618,1
3005,1368,886,1
3006,1368,957,1
3007,1368,314,1
3008,1368,1370,1
3009,1368,433,1
3010,1368,1343,1
3011,1368,638,1
3012,1368,1269,1
3013,1368,637,1
3014,1368,1260,1
3015,1368,1066,1
3016,1368,1319,1
3017,642,121,1
3018,642,491,1
3019,642,918,1
3020,642,1255,1
3021,642,1424,1
3022,642,495,1
3023,642,125,1
3024,642,988,1
3025,642,565,1
3026,642,493,1
3027,642,381,1
3028,642,608,1
3029,642,314,1
3030,642,258,1
3031,642,5,1
3032,642,770,1
3033,642,1361,1
3034,642,458,1
3035,642,1075,1
3036,642,1326,1
3037,642,627,1
3038,642,404,1
3039,642,798,1
3040,642,154,1
3041,642,947,1
3042,642,408,1
3043,642,878,1
3044,642,1216,1
3045,642,435,1
3046,642,908,1
3047,642,274,1
3048,642,211,1
3049,217,1096,1
3050,217,95,1
3051,217,1139,1
3052,217,71,1
3053,217,1051,1
3054,217,1177,1
3055,250,451,1
3056,250,314,1
3057,250,590,1
3058,313,428,1
3059,313,155,1
3060,313,1266,1
3061,313,724,1
3062,313,532,1
3063,313,706,1
3064,313,451,1
3065,313,421,1
3066,313,545,1
3067,313,125,1
3068,313,201,1
3069,313,823,1
3070,1094,1386,1
3071,1094,428,1
3072,1094,837,1
3073,1094,881,1
3074,1094,1124,1
3075,1094,1284,1
3076,1094,957,1
3077,1094,486,1
3078,1094,609,1
3079,1094,84,1
3080,1094,1403,1
3081,1094,209,1
3082,1094,444,1
3083,1094,1083,1
3084,1094,1241,1
3085,1094,334,1
3086,1094,491,1
3087,1094,1441,1
3088,1094,1140,1
3089,1094,314,1
3090,1094,1138,1
3091,1094,210,1
3092,1274,314,1
3093,1274,608,1
3094,1274,837,1
3095,1274,290,1
3096,1115,209,1
3097,1115,816,1
3098,1115,495,1
3099,1115,408,1
3100,1115,1216,1
3101,1115,314,1
3102,1115,403,1
3103,1115,787,1
3104,1115,1126,1
3105,1115,627,1
3106,1115,355,1
3107,1115,1249,1
3108,814,1353,1
3109,814,169,1
3110,814,828,1
3111,814,1436,1
3112,814,48,1
3113,814,82,1
3114,814,330,1
3115,814,766,1
3116,814,192,1
3117,814,1091,1
3118,814,377,1
3119,814,1087,1
3120,814,52,1
3121,814,943,1
3122,814,314,1
3123,814,895,1
3124,814,362,1
3125,814,1068,1
3126,814,945,1
3127,814,325,1
3128,387,1094,1
3129,387,1083,1
3130,387,1274,1
3131,387,461,1
3132,387,837,1
3133,608,204,1
3134,608,1386,1
3135,608,1237,1
3136,608,1338,1
3137,608,953,1
3138,608,1395,1
3139,608,251,1
3140,608,1350,1
3141,608,628,1
3142,608,1413,1
3143,608,314,1
3144,608,262,1
3145,608,518,1
3146,608,451,1
3147,608,213,1
3148,608,827,1
3149,608,1260,1
3150,608,545,1
3151,608,1370,1
3152,608,607,1
3153,608,1094,1
3154,608,0,1
3155,608,837,1
3156,608,1149,1
3157,608,1096,1
3158,608,1274,1
3159,608,748,1
3160,608,2,1
3161,608,884,1
3162,608,603,1
3163,608,29,1
3164,608,373,1
3165,608,1056,1
3166,608,1289,1
3167,608,638,1
3168,268,987,1
3169,268,204,1
3170,268,837,1
3171,268,996,1
3172,268,491,1
3173,268,638,1
3174,268,314,1
3175,1436,1212,1
3176,1436,393,1
3177,1436,325,1
3178,1436,192,1
3179,1436,766,1
3180,1436,814,1
3181,616,857,1
3182,616,1419,1
3183,616,314,1
3184,280,629,1
3185,280,314,1
3186,280,493,1
3187,280,341,1
3188,280,458,1
3189,280,918,1
3190,280,1256,1
3191,280,1255,1
3192,280,357,1
3193,280,146,1
3194,280,579,1
3195,550,1411,1
3196,550,788,1
3197,550,1386,1
3198,550,1191,1
3199,1386,1094,1
3200,1386,957,1
3201,1386,461,1
3202,1386,608,1
3203,1386,125,1
3204,1386,491,1
3205,1386,837,1
3206,1386,987,1
3207,1411,920,1
3208,1411,837,1
3209,1411,987,1
3210,1411,1386,1
3211,1191,259,1
3212,1191,550,1
3213,1191,290,1
3214,1191,491,1
3215,101,1370,1
3216,101,566,1
3217,101,336,1
3218,566,101,1
3219,566,1114,1
3220,566,1439,1
3221,566,445,1
3222,566,294,1
3223,566,652,1
3224,566,403,1
3225,566,1134,1
3226,566,920,1
3227,566,142,1
3228,566,912,1
3229,566,1408,1
3230,1408,215,1
3231,1408,912,1
3232,1408,1070,1
3233,1408,403,1
3234,1408,1294,1
3235,1408,209,1
3236,1408,355,1
3237,1408,406,1
3238,1408,1370,1
3239,1408,624,1
3240,1408,561,1
3241,1408,122,1
3242,1408,854,1
3243,1408,977,1
3244,1408,1321,1
3245,1408,336,1
3246,1408,717,1
3247,1408,1108,1
3248,1408,673,1
3249,1408,832,1
3250,1408,922,1
3251,1408,1169,1
3252,1408,591,1
3253,1408,789,1
3254,1408,101,1
3255,1370,1368,1
3256,1370,259,1
3257,1370,1260,1
3258,1370,317,1
3259,1370,373,1
3260,1370,84,1
3261,1370,567,1
3262,1370,1346,1
3263,1370,209,1
3264,1370,1138,1
3265,1370,703,1
3266,1370,837,1
3267,1370,101,1
3268,1370,753,1
3269,1370,827,1
3270,703,336,1
3271,703,373,1
3272,703,514,1
3273,703,1218,1
3274,703,697,1
3275,703,240,1
3276,703,1410,1
3277,703,1370,1
3278,703,261,1
3279,703,649,1
3280,1218,1284,1
3281,1218,334,1
3282,1218,119,1
3283,1218,215,1
3284,1218,812,1
3285,1218,373,1
3286,1218,1260,1
3287,1218,1417,1
3288,1218,1370,1
3289,1218,336,1
3290,1218,448,1
3291,1218,1114,1
3292,1218,213,1
3293,1218,405,1
3294,770,930,1
3295,770,1391,1
3296,770,435,1
3297,770,939,1
3298,770,498,1
3299,770,357,1
3300,770,589,1
3301,770,491,1
3302,770,273,1
3303,770,341,1
3304,770,425,1
3305,770,52,1
3306,770,1255,1
3307,770,1075,1
3308,770,458,1
3309,770,224,1
3310,770,1216,1
3311,770,1361,1
3312,770,1305,1
3313,770,1326,1
3314,770,627,1
3315,770,493,1
3316,770,258,1
3317,770,211,1
3318,770,579,1
3319,770,817,1
3320,770,886,1
3321,770,48,1
3322,770,495,1
3323,770,1353,1
3324,770,1424,1
3325,770,1206,1
3326,770,404,1
3327,770,883,1
3328,770,280,1
3329,770,565,1
3330,493,280,1
3331,493,355,1
3332,493,1206,1
3333,493,816,1
3334,493,589,1
3335,493,435,1
3336,493,1255,1
3337,493,381,1
3338,493,495,1
3339,493,627,1
3340,493,1121,1
3341,493,642,1
3342,493,224,1
3343,493,458,1
3344,493,1256,1
3345,493,341,1
3346,493,441,1
3347,493,999,1
3348,493,730,1
3349,493,383,1
3350,493,579,1
3351,493,498,1
3352,493,1424,1
3353,493,464,1
3354,493,1216,1
3355,493,1176,1
3356,493,274,1
3357,493,947,1
3358,458,642,1
3359,458,435,1
3360,458,408,1
3361,458,357,1
3362,458,280,1
3363,458,464,1
3364,458,589,1
3365,458,381,1
3366,458,1241,1
3367,458,770,1
3368,458,5,1
3369,458,441,1
3370,458,884,1
3371,458,607,1
3372,458,1121,1
3373,458,495,1
3374,458,146,1
3375,458,999,1
3376,458,762,1
3377,458,1424,1
3378,458,1075,1
3379,458,383,1
3380,458,498,1
3381,458,1216,1
3382,458,73,1
3383,458,816,1
3384,458,341,1
3385,458,211,1
3386,458,947,1
3387,458,224,1
3388,458,1086,1
3389,458,1326,1
3390,1361,1206,1
3391,1361,435,1
3392,1361,355,1
3393,1361,1159,1
3394,1361,762,1
3395,1361,589,1
3396,1361,816,1
3397,1361,498,1
3398,1361,567,1
3399,1361,274,1
3400,1361,817,1
3401,1361,1223,1
3402,1361,1356,1
3403,1361,495,1
3404,1361,404,1
3405,1361,543,1
3406,1361,930,1
3407,1361,947,1
3408,1361,627,1
3409,1361,493,1
3410,1361,258,1
3411,1361,883,1
3412,1361,1255,1
3413,1361,341,1
3414,1361,5,1
3415,1361,357,1
3416,1361,381,1
3417,1361,770,1
3418,498,1195,1
3419,498,327,1
3420,498,1045,1
3421,498,1060,1
3422,498,308,1
3423,498,435,1
3424,498,352,1
3425,498,108,1
3426,498,798,1
3427,498,1216,1
3428,498,215,1
3429,498,493,1
3430,498,1130,1
3431,498,565,1
3432,498,404,1
3433,498,1326,1
3434,498,258,1
3435,498,885,1
3436,498,985,1
3437,498,341,1
3438,498,1206,1
3439,498,274,1
3440,498,495,1
3441,498,408,1
3442,498,603,1
3443,498,466,1
3444,498,1424,1
3445,498,712,1
3446,498,1121,1
3447,498,627,1
3448,498,589,1
3449,498,357,1
3450,498,751,1
3451,498,731,1
3452,498,579,1
3453,498,816,1
3454,498,76,1
3455,498,464,1
3456,498,1361,1
3457,498,223,1
3458,464,1326,1
3459,464,355,1
3460,464,498,1
3461,464,947,1
3462,464,816,1
3463,464,495,1
3464,464,883,1
3465,464,1206,1
3466,464,274,1
3467,464,435,1
3468,464,381,1
3469,464,1121,1
3470,464,357,1
3471,464,211,1
3472,464,1255,1
3473,464,579,1
3474,464,1361,1
3475,464,918,1
3476,464,627,1
3477,464,642,1
3478,464,441,1
3479,464,5,1
3480,464,408,1
3481,211,165,1
3482,211,381,1
3483,211,30,1
3484,211,1361,1
3485,211,930,1
3486,211,579,1
3487,211,357,1
3488,211,5,1
3489,211,495,1
3490,211,1121,1
3491,211,55,1
3492,211,341,1
3493,211,947,1
3494,211,642,1
3495,211,918,1
3496,211,1424,1
3497,211,883,1
3498,211,565,1
3499,211,1206,1
3500,211,1326,1
3501,211,274,1
3502,211,589,1
3503,211,817,1
3504,211,498,1
3505,579,5,1
3506,579,816,1
3507,579,498,1
3508,579,458,1
3509,579,381,1
3510,579,464,1
3511,579,357,1
3512,579,408,1
3513,579,883,1
3514,579,1121,1
3515,579,435,1
3516,579,1255,1
3517,579,930,1
3518,579,274,1
3519,579,1424,1
3520,579,1326,1
3521,579,404,1
3522,579,341,1
3523,579,1075,1
3524,579,441,1
3525,579,642,1
3526,579,770,1
3527,579,493,1
3528,565,1206,1
3529,565,700,1
3530,565,1004,1
3531,565,355,1
3532,565,589,1
3533,565,404,1
3534,565,441,1
3535,565,5,1
3536,565,1424,1
3537,565,498,1
3538,565,211,1
3539,565,883,1
3540,565,435,1
3541,565,464,1
3542,565,274,1
3543,565,816,1
3544,565,1193,1
3545,565,408,1
3546,565,642,1
3547,565,493,1
3548,565,1216,1
3549,565,381,1
3550,565,1361,1
3551,565,817,1
3552,565,918,1
3553,1326,495,1
3554,1326,627,1
3555,1326,498,1
3556,1326,1121,1
3557,1326,1424,1
3558,1326,381,1
3559,1326,930,1
3560,1326,770,1
3561,1326,918,1
3562,1326,5,1
3563,1326,762,1
3564,1326,274,1
3565,1326,642,1
3566,1326,464,1
3567,1326,224,1
3568,1326,1206,1
3569,1326,883,1
3570,1326,1075,1
3571,1326,1255,1
3572,1326,404,1
3573,1326,211,1
3574,1326,408,1
3575,918,274,1
3576,918,999,1
3577,918,930,1
3578,918,1255,1
3579,918,146,1
3580,918,565,1
3581,918,1216,1
3582,918,627,1
3583,918,642,1
3584,918,1424,1
3585,918,947,1
3586,918,5,1
3587,918,435,1
3588,918,1176,1
3589,918,441,1
3590,918,579,1
3591,918,458,1
3592,918,495,1
3593,918,1326,1
3594,918,464,1
3595,918,258,1
3596,918,1206,1
3597,918,1075,1
3598,918,1121,1
3599,918,493,1
3600,60,1423,1
3601,60,1348,1
3602,60,1091,1
3603,60,1302,1
3604,60,636,1
3605,60,716,1
3606,60,584,1
3607,60,427,1
3608,60,1424,1
3609,731,712,1
3610,731,327,1
3611,731,627,1
3612,731,922,1
3613,731,408,1
3614,731,516,1
3615,731,698,1
3616,731,1337,1
3617,731,1045,1
3618,731,603,1
3619,731,495,1
3620,731,854,1
3621,731,874,1
3622,603,608,1
3623,603,1181,1
3624,603,209,1
3625,603,1045,1
3626,603,816,1
3627,603,495,1
3628,603,874,1
3629,603,545,1
3630,603,408,1
3631,603,327,1
3632,603,1413,1
3633,603,456,1
3634,603,1066,1
3635,603,355,1
3636,603,1117,1
3637,603,712,1
3638,603,1337,1
3639,54,1129,1
3640,54,355,1
3641,54,627,1
3642,54,1066,1
3643,54,1216,1
3644,54,408,1
3645,54,816,1
3646,54,495,1
3647,54,1045,1
3648,54,352,1
3649,54,456,1
3650,54,731,1
3651,54,508,1
3652,54,874,1
3653,54,327,1
3654,1045,108,1
3655,1045,495,1
3656,1045,603,1
3657,1045,299,1
3658,1045,885,1
3659,1045,491,1
3660,1045,381,1
3661,1045,327,1
3662,1045,842,1
3663,1045,408,1
3664,1045,1066,1
3665,1045,54,1
3666,1045,816,1
3667,1045,352,1
3668,1045,698,1
3669,1045,376,1
3670,1337,355,1
3671,1337,854,1
3672,1337,603,1
3673,1337,1421,1
3674,1337,508,1
3675,1337,1216,1
3676,1337,731,1
3677,1337,1117,1
3678,1337,516,1
3679,1337,447,1
3680,1337,618,1
3681,698,495,1
3682,698,603,1
3683,698,731,1
3684,698,627,1
3685,698,1216,1
3686,698,712,1
3687,698,456,1
3688,698,355,1
3689,698,54,1
3690,698,381,1
3691,854,420,1
3692,854,433,1
3693,854,1070,1
3694,854,1009,1
3695,854,376,1
3696,854,814,1
3697,854,381,1
3698,854,52,1
3699,854,828,1
3700,854,1117,1
3701,854,1376,1
3702,854,1216,1
3703,854,229,1
3704,854,1331,1
3705,854,816,1
3706,854,243,1
3707,854,1337,1
3708,854,516,1
3709,854,1408,1
3710,854,618,1
3711,854,1377,1
3712,854,495,1
3713,854,866,1
3714,854,330,1
3715,854,1108,1
3716,854,730,1
3717,854,249,1
3718,854,150,1
3719,854,475,1
3720,854,922,1
3721,854,1030,1
3722,854,716,1
3723,854,1421,1
3724,854,885,1
3725,854,327,1
3726,1421,1425,1
3727,1421,730,1
3728,1421,327,1
3729,1421,1337,1
3730,1421,355,1
3731,1421,1117,1
3732,1421,516,1
3733,1421,495,1
3734,1421,731,1
3735,1421,1294,1
3736,1421,283,1
3737,1421,433,1
3738,712,456,1
3739,712,288,1
3740,712,1066,1
3741,712,874,1
3742,712,985,1
3743,712,355,1
3744,712,77,1
3745,712,495,1
3746,712,1241,1
3747,712,970,1
3748,712,327,1
3749,712,1045,1
3750,712,603,1
3751,712,627,1
3752,712,508,1
3753,712,143,1
3754,712,1216,1
3755,712,491,1
3756,712,381,1
3757,712,498,1
3758,327,381,1
3759,327,874,1
3760,327,166,1
3761,327,355,1
3762,327,731,1
3763,327,1117,1
3764,327,1066,1
3765,327,603,1
3766,327,495,1
3767,327,456,1
3768,327,1421,1
3769,327,854,1
3770,327,712,1
3771,327,516,1
3772,327,408,1
3773,922,1425,1
3774,922,1421,1
3775,922,1030,1
3776,922,1337,1
3777,922,1408,1
3778,922,627,1
3779,922,330,1
3780,922,487,1
3781,922,169,1
3782,922,52,1
3783,922,885,1
3784,922,618,1
3785,922,731,1
3786,922,1216,1
3787,922,7,1
3788,922,828,1
3789,922,327,1
3790,922,1070,1
3791,922,1009,1
3792,922,1353,1
3793,922,1294,1
3794,922,381,1
3795,922,1377,1
3796,922,1331,1
3797,922,433,1
3798,922,1117,1
3799,922,1376,1
3800,922,229,1
3801,922,352,1
3802,1066,108,1
3803,1066,456,1
3804,1066,1216,1
3805,1066,837,1
3806,1066,355,1
3807,1066,712,1
3808,1066,381,1
3809,1066,376,1
3810,1066,627,1
3811,1066,886,1
3812,1066,373,1
3813,1066,408,1
3814,1066,94,1
3815,1066,111,1
3816,1066,985,1
3817,1066,816,1
3818,1066,1343,1
3819,1066,1045,1
3820,1066,698,1
3821,215,1216,1
3822,215,373,1
3823,215,76,1
3824,215,1279,1
3825,215,1413,1
3826,215,65,1
3827,215,627,1
3828,215,816,1
3829,215,671,1
3830,215,793,1
3831,215,892,1
3832,215,381,1
3833,215,1060,1
3834,215,1218,1
3835,215,722,1
3836,215,408,1
3837,215,119,1
3838,215,495,1
3839,215,491,1
3840,215,414,1
3841,215,466,1
3842,215,352,1
3843,215,1370,1
3844,671,99,1
3845,671,712,1
3846,671,142,1
3847,671,491,1
3848,671,1241,1
3849,671,793,1
3850,671,700,1
3851,671,108,1
3852,223,816,1
3853,223,1216,1
3854,223,215,1
3855,223,352,1
3856,223,76,1
3857,223,698,1
3858,223,627,1
3859,223,408,1
3860,223,1130,1
3861,223,376,1
3862,223,751,1
3863,1260,373,1
3864,1260,209,1
3865,1260,649,1
3866,1260,84,1
3867,1260,1218,1
3868,1260,1343,1
3869,1260,827,1
3870,1260,753,1
3871,1260,1066,1
3872,1260,317,1
3873,1260,703,1
3874,1260,215,1
3875,1260,1408,1
3876,793,173,1
3877,793,607,1
3878,793,492,1
3879,793,296,1
3880,793,403,1
3881,793,1439,1
3882,793,334,1
3883,793,288,1
3884,793,122,1
3885,793,215,1
3886,793,1004,1
3887,793,77,1
3888,793,591,1
3889,793,259,1
3890,793,1304,1
3891,793,30,1
3892,793,571,1
3893,793,891,1
3894,793,231,1
3895,793,1169,1
3896,793,5,1
3897,793,209,1
3898,793,283,1
3899,793,108,1
3900,793,717,1
3901,793,1091,1
3902,793,693,1
3903,793,636,1
3904,793,61,1
3905,793,1241,1
3906,793,299,1
3907,793,562,1
3908,793,789,1
3909,793,1183,1
3910,793,1280,1
3911,751,76,1
3912,751,466,1
3913,751,408,1
3914,751,885,1
3915,751,215,1
3916,751,498,1
3917,751,223,1
3918,751,381,1
3919,751,352,1
3920,751,1060,1
3921,751,495,1
3922,751,1279,1
3923,373,1386,1
3924,373,84,1
3925,373,753,1
3926,373,1066,1
3927,373,421,1
3928,373,1218,1
3929,373,451,1
3930,373,1194,1
3931,373,1413,1
3932,373,428,1
3933,373,881,1
3934,373,702,1
3935,373,1260,1
3936,373,1368,1
3937,373,608,1
3938,373,215,1
3939,373,703,1
3940,373,142,1
3941,373,652,1
3942,373,1160,1
3943,373,1346,1
3944,373,259,1
3945,722,915,1
3946,722,1273,1
3947,722,367,1
3948,722,206,1
3949,722,525,1
3950,722,215,1
3951,722,1168,1
3952,999,5,1
3953,999,810,1
3954,999,883,1
3955,999,195,1
3956,999,1176,1
3957,999,1256,1
3958,999,918,1
3959,999,280,1
3960,999,222,1
3961,999,493,1
3962,999,519,1
3963,999,730,1
3964,999,615,1
3965,999,383,1
3966,999,341,1
3967,195,642,1
3968,195,334,1
3969,195,341,1
3970,195,146,1
3971,195,73,1
3972,195,918,1
3973,195,458,1
3974,518,1289,1
3975,518,334,1
3976,518,573,1
3977,518,204,1
3978,518,899,1
3979,518,29,1
3980,518,209,1
3981,518,20,1
3982,518,1431,1
3983,518,707,1
3984,518,0,1
3985,518,428,1
3986,987,643,1
3987,987,638,1
3988,987,1298,1
3989,987,181,1
3990,987,442,1
3991,987,1395,1
3992,987,607,1
3993,987,1032,1
3994,987,837,1
3995,987,886,1
3996,987,111,1
3997,987,1411,1
3998,1441,495,1
3999,1441,506,1
4000,1441,1094,1
4001,1441,1297,1
4002,1441,451,1
4003,1441,1216,1
4004,1441,6,1
4005,1441,403,1
4006,1441,418,1
4007,1441,209,1
4008,1441,1138,1
4009,1441,837,1
4010,1441,355,1
4011,1441,607,1
4012,1441,408,1
4013,1441,1124,1
4014,1441,428,1
4015,1441,627,1
4016,506,209,1
4017,506,1241,1
4018,506,1138,1
4019,506,259,1
4020,506,485,1
4021,506,837,1
4022,506,10,1
4023,506,428,1
4024,506,1441,1
4025,506,293,1
4026,506,249,1
4027,506,570,1
4028,573,403,1
4029,573,272,1
4030,573,912,1
4031,573,837,1
4032,573,1289,1
4033,573,749,1
4034,573,827,1
4035,573,334,1
4036,573,932,1
4037,573,816,1
4038,573,1241,1
4039,573,381,1
4040,573,1216,1
4041,573,825,1
4042,573,658,1
4043,573,626,1
4044,573,1124,1
4045,573,1138,1
4046,573,491,1
4047,573,506,1
4048,573,702,1
4049,573,428,1
4050,573,495,1
4051,590,819,1
4052,590,494,1
4053,590,1184,1
4054,590,1315,1
4055,590,451,1
4056,590,724,1
4057,590,1266,1
4058,590,361,1
4059,590,355,1
4060,590,823,1
4061,590,702,1
4062,590,1441,1
4063,590,250,1
4064,590,491,1
4065,590,504,1
4066,590,1393,1
4067,590,194,1
4068,590,272,1
4069,590,607,1
4070,590,264,1
4071,590,1251,1
4072,590,1351,1
4073,590,816,1
4074,590,1297,1
4075,590,627,1
4076,590,418,1
4077,787,408,1
4078,787,590,1
4079,787,1441,1
4080,787,1431,1
4081,787,546,1
4082,787,1297,1
4083,787,334,1
4084,787,816,1
4085,787,143,1
4086,787,428,1
4087,787,495,1
4088,787,355,1
4089,787,403,1
4090,787,545,1
4091,787,1216,1
4092,451,373,1
4093,451,438,1
4094,451,696,1
4095,451,607,1
4096,451,590,1
4097,451,448,1
4098,451,1315,1
4099,451,491,1
4100,451,313,1
4101,451,724,1
4102,451,1404,1
4103,451,272,1
4104,451,1184,1
4105,451,494,1
4106,451,418,1
4107,451,787,1
4108,451,293,1
4109,451,1297,1
4110,451,147,1
4111,451,1348,1
4112,451,6,1
4113,451,428,1
4114,264,847,1
4115,264,1168,1
4116,264,6,1
4117,264,451,1
4118,264,229,1
4119,264,545,1
4120,264,425,1
4121,264,418,1
4122,264,1158,1
4123,264,1348,1
4124,545,1348,1
4125,545,787,1
4126,545,6,1
4127,545,1184,1
4128,545,1149,1
4129,545,442,1
4130,545,421,1
4131,545,627,1
4132,545,815,1
4133,545,495,1
4134,545,607,1
4135,545,408,1
4136,545,1217,1
4137,545,801,1
4138,545,494,1
4139,545,491,1
4140,545,1315,1
4141,545,250,1
4142,545,272,1
4143,545,1051,1
4144,545,816,1
4145,545,724,1
4146,545,504,1
4147,545,264,1
4148,545,194,1
4149,545,819,1
4150,1241,793,1
4151,1241,862,1
4152,1241,428,1
4153,1241,74,1
4154,1241,491,1
4155,1241,506,1
4156,1241,288,1
4157,1241,825,1
4158,1241,1441,1
4159,1241,573,1
4160,1241,749,1
4161,1241,458,1
4162,1241,666,1
4163,1241,712,1
4164,1241,334,1
4165,1241,99,1
4166,1241,105,1
4167,1241,143,1
4168,1241,1289,1
4169,1241,1251,1
4170,1241,570,1
4171,1241,485,1
4172,1241,827,1
4173,1241,970,1
4174,1241,857,1
4175,1124,428,1
4176,1124,209,1
4177,1124,837,1
4178,1124,506,1
4179,1124,573,1
4180,1124,491,1
4181,1124,1094,1
4182,1124,1138,1
4183,822,884,1
4184,822,1348,1
4185,822,692,1
4186,822,668,1
4187,822,1338,1
4188,822,1130,1
4189,316,532,1
4190,316,1338,1
4191,316,1328,1
4192,316,724,1
4193,2,1328,1
4194,2,1338,1
4195,2,403,1
4196,2,884,1
4197,2,724,1
4198,2,334,1
4199,2,608,1
4200,983,1319,1
4201,983,649,1
4202,983,807,1
4203,983,1315,1
4204,983,19,1
4205,983,1431,1
4206,983,1422,1
4207,983,886,1
4208,983,1426,1
4209,983,1186,1
4210,983,1432,1
4211,983,1369,1
4212,886,987,1
4213,886,1102,1
4214,886,738,1
4215,886,1249,1
4216,886,1432,1
4217,886,1395,1
4218,886,557,1
4219,886,236,1
4220,886,1368,1
4221,886,770,1
4222,886,1369,1
4223,886,181,1
4224,886,468,1
4225,886,190,1
4226,886,983,1
4227,886,1186,1
4228,886,1115,1
4229,886,626,1
4230,886,42,1
4231,886,1422,1
4232,1426,886,1
4233,1426,983,1
4234,1426,1369,1
4235,1315,156,1
4236,1315,1298,1
4237,1315,983,1
4238,1315,545,1
4239,1315,546,1
4240,626,837,1
4241,626,1422,1
4242,626,334,1
4243,626,381,1
4244,626,816,1
4245,626,143,1
4246,626,42,1
4247,626,428,1
4248,626,807,1
4249,626,236,1
4250,626,1186,1
4251,626,403,1
4252,626,408,1
4253,626,573,1
4254,626,1115,1
4255,626,495,1
4256,626,787,1
4257,807,1369,1
4258,807,626,1
4259,807,236,1
4260,1431,608,1
4261,1431,1289,1
4262,1431,518,1
4263,1431,1336,1
4264,1431,502,1
4265,1431,957,1
4266,1431,1319,1
4267,1431,209,1
4268,1431,607,1
4269,1431,780,1
4270,1431,862,1
4271,880,1225,1
4272,880,861,1
4273,880,431,1
4274,880,810,1
4275,880,899,1
4276,857,202,1
4277,857,105,1
4278,857,1241,1
4279,857,293,1
4280,591,1163,1
4281,591,1444,1
4282,591,206,1
4283,591,1321,1
4284,591,1029,1
4285,591,689,1
4286,591,877,1
4287,591,789,1
4288,591,1253,1
4289,591,832,1
4290,591,946,1
4291,591,871,1
4292,591,1242,1
4293,591,334,1
4294,591,122,1
4295,591,1408,1
4296,591,306,1
4297,591,55,1
4298,591,273,1
4299,591,1202,1
4300,591,766,1
4301,591,673,1
4302,591,1307,1
4303,591,677,1
4304,591,140,1
4305,591,1059,1
4306,591,717,1
4307,1169,689,1
4308,1169,251,1
4309,1169,505,1
4310,1169,560,1
4311,1169,1444,1
4312,1169,891,1
4313,1169,178,1
4314,1169,1419,1
4315,1169,756,1
4316,1169,704,1
4317,1169,717,1
4318,1169,80,1
4319,1169,403,1
4320,1169,140,1
4321,1169,766,1
4322,1169,1253,1
4323,1169,591,1
4324,1169,284,1
4325,1169,1123,1
4326,1169,107,1
4327,1169,677,1
4328,1169,238,1
4329,1169,1336,1
4330,85,209,1
4331,85,419,1
4332,85,1351,1
4333,85,204,1
4334,85,403,1
4335,85,862,1
4336,85,1096,1
4337,1351,419,1
4338,1351,85,1
4339,1351,1096,1
4340,1351,451,1
4341,988,787,1
4342,988,1149,1
4343,988,502,1
4344,988,642,1
4345,988,1096,1
4346,988,1336,1
4347,988,491,1
4348,988,1403,1
4349,1221,1265,1
4350,543,242,1
4351,543,1361,1
4352,543,1223,1
4353,543,776,1
4354,895,487,1
4355,895,866,1
4356,895,1030,1
4357,895,200,1
4358,895,330,1
4359,895,1053,1
4360,895,935,1
4361,895,1302,1
4362,895,420,1
4363,895,57,1
4364,895,242,1
4365,895,116,1
4366,895,288,1
4367,895,475,1
4368,895,1036,1
4369,895,1078,1
4370,895,1016,1
4371,895,243,1
4372,895,169,1
4373,895,828,1
4374,895,248,1
4375,895,1070,1
4376,895,975,1
4377,895,1294,1
4378,895,945,1
4379,895,48,1
4380,895,1353,1
4381,895,229,1
4382,895,377,1
4383,895,1162,1
4384,895,1009,1
4385,895,1355,1
4386,895,1075,1
4387,895,406,1
4388,980,454,1
4389,980,1300,1
4390,924,862,1
4391,924,209,1
4392,862,1431,1
4393,862,334,1
4394,862,1194,1
4395,862,85,1
4396,862,1241,1
4397,862,403,1
4398,862,1138,1
4399,862,780,1
4400,862,209,1
4401,862,924,1
4402,862,157,1
4403,1294,1030,1
4404,1294,1153,1
4405,1294,1421,1
4406,1294,1091,1
4407,1294,355,1
4408,1294,150,1
4409,1294,475,1
4410,1294,246,1
4411,1294,1353,1
4412,1294,169,1
4413,1294,408,1
4414,1294,302,1
4415,1294,1068,1
4416,1294,828,1
4417,1294,627,1
4418,1294,1377,1
4419,1294,682,1
4420,1294,52,1
4421,1294,436,1
4422,1294,816,1
4423,1294,1355,1
4424,1294,248,1
4425,1294,420,1
4426,1294,362,1
4427,1294,1108,1
4428,1294,48,1
4429,1294,57,1
4430,1294,866,1
4431,1294,1331,1
4432,1294,1070,1
4433,1294,814,1
4434,1294,229,1
4435,1294,1117,1
4436,1294,249,1
4437,1294,207,1
4438,1294,770,1
4439,1294,792,1
4440,1294,406,1
4441,730,355,1
4442,730,1305,1
4443,730,1091,1
4444,730,884,1
4445,730,341,1
4446,730,493,1
4447,730,854,1
4448,730,116,1
4449,730,589,1
4450,730,220,1
4451,730,5,1
4452,730,516,1
4453,730,828,1
4454,730,999,1
4455,730,146,1
4456,730,1421,1
4457,730,495,1
4458,406,116,1
4459,406,243,1
4460,406,1331,1
4461,406,1070,1
4462,406,495,1
4463,406,814,1
4464,406,52,1
4465,406,475,1
4466,406,169,1
4467,406,57,1
4468,406,376,1
4469,406,113,1
4470,406,248,1
4471,406,1353,1
4472,406,1092,1
4473,406,48,1
4474,406,1068,1
4475,406,1305,1
4476,406,330,1
4477,406,1122,1
4478,406,229,1
4479,406,377,1
4480,406,548,1
4481,406,1053,1
4482,406,828,1
4483,406,1009,1
4484,406,922,1
4485,406,355,1
4486,1356,341,1
4487,1356,1305,1
4488,48,52,1
4489,48,895,1
4490,48,1068,1
4491,48,516,1
4492,48,362,1
4493,48,945,1
4494,48,1053,1
4495,48,116,1
4496,48,229,1
4497,48,57,1
4498,48,682,1
4499,48,330,1
4500,48,1075,1
4501,48,207,1
4502,48,1153,1
4503,48,1353,1
4504,48,243,1
4505,48,246,1
4506,48,475,1
4507,48,487,1
4508,48,1377,1
4509,48,814,1
4510,48,866,1
4511,48,1355,1
4512,48,1294,1
4513,77,1114,1
4514,77,1280,1
4515,77,299,1
4516,77,912,1
4517,77,733,1
4518,77,143,1
4519,77,308,1
4520,77,1304,1
4521,77,712,1
4522,77,288,1
4523,77,571,1
4524,77,61,1
4525,77,793,1
4526,77,1305,1
4527,77,1241,1
4528,77,283,1
4529,113,1355,1
4530,113,408,1
4531,113,355,1
4532,113,248,1
4533,113,854,1
4534,113,816,1
4535,113,381,1
4536,113,475,1
4537,113,1353,1
4538,113,243,1
4539,113,548,1
4540,113,377,1
4541,113,48,1
4542,113,487,1
4543,113,922,1
4544,113,207,1
4545,113,776,1
4546,113,1030,1
4547,113,1122,1
4548,113,1070,1
4549,113,406,1
4550,113,249,1
4551,113,1331,1
4552,143,562,1
4553,143,451,1
4554,143,231,1
4555,143,671,1
4556,143,712,1
4557,143,108,1
4558,143,204,1
4559,143,77,1
4560,143,626,1
4561,143,1280,1
4562,143,288,1
4563,143,428,1
4564,143,334,1
4565,143,99,1
4566,143,308,1
4567,143,566,1
4568,143,837,1
4569,143,209,1
4570,143,1183,1
4571,143,693,1
4572,143,408,1
4573,143,1009,1
4574,143,492,1
4575,143,867,1
4576,143,702,1
4577,143,403,1
4578,143,816,1
4579,143,627,1
4580,143,573,1
4581,143,787,1
4582,143,1308,1
4583,143,1115,1
4584,985,54,1
4585,985,381,1
4586,985,352,1
4587,985,842,1
4588,985,1045,1
4589,985,508,1
4590,985,627,1
4591,985,816,1
4592,985,265,1
4593,985,491,1
4594,985,408,1
4595,985,299,1
4596,985,885,1
4597,111,476,1
4598,111,94,1
4599,111,1216,1
4600,111,495,1
4601,111,672,1
4602,111,1032,1
4603,111,816,1
4604,111,800,1
4605,111,355,1
4606,111,886,1
4607,224,1050,1
4608,224,817,1
4609,224,381,1
4610,224,341,1
4611,224,1216,1
4612,224,408,1
4613,224,458,1
4614,224,1206,1
4615,224,627,1
4616,224,589,1
4617,224,1326,1
4618,224,770,1
4619,224,1255,1
4620,224,1361,1
4621,224,816,1
4622,702,381,1
4623,702,626,1
4624,702,428,1
4625,702,724,1
4626,702,451,1
4627,702,194,1
4628,702,403,1
4629,702,334,1
4630,702,1216,1
4631,702,290,1
4632,702,143,1
4633,702,627,1
4634,702,355,1
4635,702,573,1
4636,94,627,1
4637,94,1216,1
4638,94,495,1
4639,94,111,1
4640,94,987,1
4641,94,476,1
4642,94,1032,1
4643,94,181,1
4644,94,408,1
4645,94,1442,1
4646,94,1413,1
4647,108,712,1
4648,108,299,1
4649,108,627,1
4650,108,288,1
4651,108,1066,1
4652,108,495,1
4653,108,143,1
4654,108,99,1
4655,108,793,1
4656,108,671,1
4657,108,842,1
4658,108,376,1
4659,108,1241,1
4660,108,54,1
4661,108,352,1
4662,108,885,1
4663,487,1068,1
4664,487,330,1
4665,487,52,1
4666,487,1353,1
4667,487,229,1
4668,487,1006,1
4669,487,475,1
4670,487,57,1
4671,487,1030,1
4672,487,895,1
4673,487,113,1
4674,487,1009,1
4675,487,707,1
4676,1108,475,1
4677,1108,1408,1
4678,1108,495,1
4679,1108,922,1
4680,1108,355,1
4681,1108,1070,1
4682,1108,406,1
4683,1108,7,1
4684,1108,249,1
4685,1108,441,1
4686,1108,561,1
4687,707,425,1
4688,707,1294,1
4689,707,1006,1
4690,707,420,1
4691,707,169,1
4692,707,641,1
4693,707,828,1
4694,707,406,1
4695,707,52,1
4696,707,1053,1
4697,707,1009,1
4698,707,475,1
4699,707,1353,1
4700,707,1355,1
4701,707,1289,1
4702,707,362,1
4703,707,248,1
4704,707,243,1
4705,707,1153,1
4706,707,330,1
4707,707,48,1
4708,707,1075,1
4709,707,487,1
4710,200,1006,1
4711,200,1070,1
4712,200,57,1
4713,200,377,1
4714,200,362,1
4715,200,895,1
4716,200,52,1
4717,200,1355,1
4718,200,246,1
4719,200,420,1
4720,200,1353,1
4721,200,48,1
4722,200,707,1
4723,200,487,1
4724,200,1075,1
4725,200,243,1
4726,200,288,1
4727,200,682,1
4728,200,1053,1
4729,200,1153,1
4730,200,1009,1
4731,200,945,1
4732,1331,1252,1
4733,1331,113,1
4734,1331,1149,1
4735,1331,854,1
4736,1331,885,1
4737,1331,922,1
4738,1331,553,1
4739,1331,376,1
4740,1331,1216,1
4741,1331,355,1
4742,1070,895,1
4743,1070,7,1
4744,1070,828,1
4745,1070,1030,1
4746,1070,207,1
4747,1070,491,1
4748,1070,288,1
4749,1070,243,1
4750,1070,406,1
4751,1070,355,1
4752,1070,854,1
4753,1070,707,1
4754,1070,57,1
4755,1070,420,1
4756,1070,169,1
4757,1070,200,1
4758,1070,495,1
4759,1070,922,1
4760,1070,248,1
4761,1070,330,1
4762,1070,249,1
4763,1070,1075,1
4764,629,280,1
4765,629,998,1
4766,629,73,1
4767,358,833,1
4768,1084,546,1
4769,546,787,1
4770,546,156,1
4771,546,1315,1
4772,546,480,1
4773,546,907,1
4774,546,1298,1
4775,546,322,1
4776,190,987,1
4777,190,886,1
4778,190,111,1
4779,190,800,1
4780,190,1032,1
4781,190,672,1
4782,503,448,1
4783,503,800,1
4784,1032,190,1
4785,1032,800,1
4786,1032,886,1
4787,1032,111,1
4788,1032,476,1
4789,1200,800,1
4790,945,1030,1
4791,945,248,1
4792,945,330,1
4793,945,1053,1
4794,945,1294,1
4795,945,48,1
4796,945,169,1
4797,945,288,1
4798,945,116,1
4799,945,1006,1
4800,945,1353,1
4801,945,1068,1
4802,945,243,1
4803,945,1009,1
4804,945,200,1
4805,945,420,1
4806,945,377,1
4807,945,362,1
4808,945,682,1
4809,1256,458,1
4810,1256,280,1
4811,1256,730,1
4812,1256,493,1
4813,1256,341,1
4814,1256,918,1
4815,1256,146,1
4816,1256,195,1
4817,1256,1176,1
4818,1256,999,1
4819,1181,837,1
4820,1181,1395,1
4821,1181,770,1
4822,1181,666,1
4823,1181,1266,1
4824,1181,603,1
4825,1181,557,1
4826,939,1391,1
4827,939,770,1
4828,939,425,1
4829,939,1148,1
4830,939,1158,1
4831,939,706,1
4832,939,313,1
4833,949,1087,1
4834,1284,1201,1
4835,1284,837,1
4836,1284,1333,1
4837,1284,594,1
4838,1284,1094,1
4839,652,317,1
4840,652,259,1
4841,652,608,1
4842,652,1370,1
4843,652,177,1
4844,652,827,1
4845,652,566,1
4846,827,1241,1
4847,827,649,1
4848,827,491,1
4849,827,293,1
4850,827,1260,1
4851,827,45,1
4852,827,1114,1
4853,827,1370,1
4854,827,294,1
4855,827,403,1
4856,827,652,1
4857,827,573,1
4858,827,932,1
4859,827,607,1
4860,827,334,1
4861,827,1161,1
4862,827,608,1
4863,827,753,1
4864,882,1431,1
4865,882,1403,1
4866,882,607,1
4867,882,608,1
4868,494,545,1
4869,494,1184,1
4870,494,303,1
4871,494,263,1
4872,696,545,1
4873,696,590,1
4874,1251,658,1
4875,1251,1241,1
4876,1251,334,1
4877,1251,573,1
4878,1251,1138,1
4879,1251,590,1
4880,1251,827,1
4881,1251,293,1
4882,1404,545,1
4883,1266,1181,1
4884,1266,724,1
4885,1266,421,1
4886,1266,250,1
4887,1266,545,1
4888,442,181,1
4889,442,837,1
4890,442,987,1
4891,442,28,1
4892,194,421,1
4893,194,590,1
4894,194,1297,1
4895,194,1190,1
4896,66,570,1
4897,66,491,1
4898,66,1168,1
4899,66,1378,1
4900,66,525,1
4901,66,722,1
4902,66,573,1
4903,1168,66,1
4904,1168,1158,1
4905,1168,491,1
4906,1168,367,1
4907,1168,722,1
4908,1168,525,1
4909,1168,1350,1
4910,1168,1378,1
4911,1378,66,1
4912,1378,100,1
4913,1378,525,1
4914,1378,312,1
4915,1378,367,1
4916,1378,491,1
4917,1158,264,1
4918,1158,66,1
4919,1158,1168,1
4920,1158,491,1
4921,1158,939,1
4922,1158,635,1
4923,1158,1378,1
4924,1158,1297,1
4925,367,1158,1
4926,367,525,1
4927,367,722,1
4928,367,570,1
4929,367,1378,1
4930,367,635,1
4931,421,373,1
4932,421,194,1
4933,421,848,1
4934,421,451,1
4935,421,1395,1
4936,421,545,1
4937,84,444,1
4938,84,609,1
4939,84,1343,1
4940,84,881,1
4941,84,606,1
4942,84,1066,1
4943,84,1370,1
4944,84,1094,1
4945,84,1260,1
4946,84,28,1
4947,84,210,1
4948,84,373,1
4949,84,1010,1
4950,84,177,1
4951,155,125,1
4952,155,907,1
4953,155,546,1
4954,155,1066,1
4955,155,837,1
4956,155,819,1
4957,155,313,1
4958,155,1315,1
4959,1343,84,1
4960,1343,1156,1
4961,1343,881,1
4962,1343,810,1
4963,1343,1010,1
4964,1343,1370,1
4965,1343,210,1
4966,1343,28,1
4967,1343,837,1
4968,1343,444,1
4969,1343,892,1
4970,1343,177,1
4971,1343,486,1
4972,1343,1066,1
4973,618,1216,1
4974,618,1421,1
4975,618,1117,1
4976,618,516,1
4977,618,495,1
4978,618,854,1
4979,618,1376,1
4980,618,433,1
4981,433,1337,1
4982,433,1216,1
4983,433,1421,1
4984,433,1376,1
4985,433,1117,1
4986,433,922,1
4987,433,355,1
4988,433,618,1
4989,156,1315,1
4990,156,546,1
4991,1325,596,1
4992,1325,1238,1
4993,1325,1196,1
4994,1325,1235,1
4995,508,54,1
4996,508,376,1
4997,508,602,1
4998,508,985,1
4999,602,125,1
5000,602,942,1
5001,602,508,1
5002,602,1297,1
5003,1022,518,1
5004,1022,1289,1
5005,881,1343,1
5006,881,1140,1
5007,881,84,1
5008,881,444,1
5009,881,177,1
5010,881,232,1
5011,881,790,1
5012,881,373,1
5013,881,188,1
5014,881,991,1
5015,881,210,1
5016,1010,881,1
5017,1010,210,1
5018,1010,444,1
5019,1010,1343,1
5020,1010,84,1
5021,1010,606,1
5022,1010,609,1
5023,1010,177,1
5024,1010,1156,1
5025,3,1094,1
5026,3,290,1
5027,3,1274,1
5028,3,837,1
5029,3,313,1
5030,1229,1094,1
5031,920,312,1
5032,920,1411,1
5033,920,1438,1
5034,920,491,1
5035,920,43,1
5036,920,209,1
5037,1176,280,1
5038,1176,493,1
5039,1176,762,1
5040,1176,999,1
5041,1176,458,1
5042,1176,383,1
5043,1176,918,1
5044,1176,589,1
5045,1176,1256,1
5046,383,458,1
5047,383,1255,1
5048,383,341,1
5049,383,1108,1
5050,383,589,1
5051,383,730,1
5052,383,146,1
5053,383,749,1
5054,146,341,1
5055,146,1256,1
5056,146,589,1
5057,146,280,1
5058,146,73,1
5059,146,918,1
5060,146,195,1
5061,146,1176,1
5062,1107,816,1
5063,1107,317,1
5064,1107,1256,1
5065,1107,17,1
5066,1107,638,1
5067,1107,1176,1
5068,1107,458,1
5069,1107,1413,1
5070,356,266,1
5071,356,567,1
5072,356,456,1
5073,356,1091,1
5074,356,913,1
5075,852,1249,1
5076,120,852,1
5077,120,886,1
5078,1329,491,1
5079,1329,1194,1
5080,1194,209,1
5081,1194,848,1
5082,1194,1329,1
5083,1194,607,1
5084,1156,25,1
5085,1156,84,1
5086,1280,1242,1
5087,1280,1439,1
5088,1280,299,1
5089,1280,602,1
5090,1280,231,1
5091,1280,143,1
5092,1280,77,1
5093,299,231,1
5094,299,1280,1
5095,299,842,1
5096,299,733,1
5097,299,265,1
5098,299,793,1
5099,299,1045,1
5100,299,308,1
5101,299,1114,1
5102,299,712,1
5103,474,308,1
5104,474,793,1
5105,1439,99,1
5106,1439,571,1
5107,1439,733,1
5108,1439,1114,1
5109,1439,566,1
5110,1439,77,1
5111,1439,230,1
5112,1439,308,1
5113,1439,1004,1
5114,1384,992,1
5115,1384,500,1
5116,500,1384,1
5117,302,607,1
5118,302,1165,1
5119,302,551,1
5120,302,307,1
5121,302,1294,1
5122,302,495,1
5123,302,1273,1
5124,302,381,1
5125,302,765,1
5126,302,1173,1
5127,201,313,1
5128,201,1266,1
5129,448,396,1
5130,448,708,1
5131,448,273,1
5132,448,869,1
5133,448,451,1
5134,448,1055,1
5135,448,491,1
5136,448,171,1
5137,448,1101,1
5138,448,979,1
5139,448,1218,1
5140,448,1179,1
5141,448,547,1
5142,448,540,1
5143,448,950,1
5144,448,1313,1
5145,448,1289,1
5146,540,448,1
5147,1179,448,1
5148,185,448,1
5149,570,766,1
5150,570,66,1
5151,570,209,1
5152,570,1138,1
5153,570,105,1
5154,570,1241,1
5155,570,525,1
5156,570,825,1
5157,570,367,1
5158,570,1289,1
5159,570,334,1
5160,171,448,1
5161,869,448,1
5162,1042,448,1
5163,160,448,1
5164,1240,448,1
5165,396,448,1
5166,520,448,1
5167,979,448,1
5168,708,448,1
5169,1313,448,1
5170,896,448,1
5171,351,700,1
5172,351,341,1
5173,700,565,1
5174,700,1121,1
5175,700,5,1
5176,700,258,1
5177,700,341,1
5178,700,404,1
5179,700,318,1
5180,315,970,1
5181,166,315,1
5182,166,970,1
5183,1287,315,1
5184,1346,317,1
5185,1346,1114,1
5186,1346,373,1
5187,1346,649,1
5188,1346,652,1
5189,1167,1218,1
5190,1167,1201,1
5191,1201,594,1
5192,1201,1167,1
5193,1201,491,1
5194,790,1297,1
5195,790,125,1
5196,790,1442,1
5197,790,1249,1
5198,790,693,1
5199,790,376,1
5200,790,615,1
5201,103,1403,1
5202,103,1149,1
5203,103,746,1
5204,103,333,1
5205,103,1233,1
5206,532,1297,1
5207,532,1057,1
5208,532,125,1
5209,532,1403,1
5210,532,955,1
5211,532,706,1
5212,532,939,1
5213,532,316,1
5214,476,181,1
5215,476,111,1
5216,476,886,1
5217,476,1442,1
5218,476,190,1
5219,181,111,1
5220,181,1032,1
5221,181,94,1
5222,181,442,1
5223,181,476,1
5224,672,987,1
5225,672,476,1
5226,672,190,1
5227,672,111,1
5228,672,886,1
5229,1064,1091,1
5230,1064,904,1
5231,1064,791,1
5232,1064,376,1
5233,1230,506,1
5234,1230,1138,1
5235,1230,403,1
5236,1230,491,1
5237,1230,209,1
5238,438,1190,1
5239,438,196,1
5240,438,451,1
5241,1445,602,1
5242,1445,1297,1
5243,1103,1297,1
5244,1103,209,1
5245,157,1138,1
5246,157,862,1
5247,157,1103,1
5248,157,125,1
5249,1098,1297,1
5250,1098,125,1
5251,706,532,1
5252,706,313,1
5253,706,1297,1
5254,706,939,1
5255,706,125,1
5256,917,125,1
5257,917,1297,1
5258,917,403,1
5259,917,1138,1
5260,630,607,1
5261,630,1297,1
5262,20,125,1
5263,1062,1289,1
5264,1062,518,1
5265,480,546,1
5266,322,402,1
5267,1298,1315,1
5268,749,428,1
5269,749,485,1
5270,749,1241,1
5271,749,403,1
5272,749,658,1
5273,749,827,1
5274,749,573,1
5275,749,789,1
5276,825,115,1
5277,825,1307,1
5278,825,105,1
5279,825,403,1
5280,825,749,1
5281,825,658,1
5282,825,1241,1
5283,825,666,1
5284,825,293,1
5285,825,568,1
5286,825,570,1
5287,825,485,1
5288,658,334,1
5289,658,825,1
5290,658,932,1
5291,658,749,1
5292,658,827,1
5293,658,573,1
5294,658,1138,1
5295,658,1251,1
5296,932,334,1
5297,932,272,1
5298,932,573,1
5299,932,428,1
5300,932,827,1
5301,105,1251,1
5302,105,568,1
5303,105,570,1
5304,105,666,1
5305,105,293,1
5306,105,825,1
5307,105,115,1
5308,407,1348,1
5309,1199,334,1
5310,1199,1138,1
5311,45,827,1
5312,636,381,1
5313,636,606,1
5314,636,1423,1
5315,636,60,1
5316,636,676,1
5317,636,793,1
5318,636,385,1
5319,732,409,1
5320,1152,1236,1
5321,1079,823,1
5322,1079,29,1
5323,100,491,1
5324,100,862,1
5325,100,1378,1
5326,100,1447,1
5327,397,491,1
5328,996,1213,1
5329,996,100,1
5330,996,912,1
5331,996,491,1
5332,996,99,1
5333,919,491,1
5334,868,491,1
5335,868,1283,1
5336,868,209,1
5337,331,1149,1
5338,331,725,1
5339,197,437,1
5340,197,1371,1
5341,806,848,1
5342,806,1194,1
5343,848,1194,1
5344,235,756,1
5345,235,1253,1
5346,235,1307,1
5347,235,1059,1
5348,235,915,1
5349,235,238,1
5350,235,107,1
5351,235,697,1
5352,132,60,1
5353,132,1255,1
5354,437,332,1
5355,1333,1284,1
5356,196,438,1
5357,469,1341,1
5358,469,795,1
5359,1268,700,1
5360,1425,922,1
5361,1425,495,1
5362,1425,1421,1
5363,1425,516,1
5364,1376,355,1
5365,1376,495,1
5366,1376,1117,1
5367,1376,1421,1
5368,1376,433,1
5369,1376,516,1
5370,1376,618,1
5371,332,437,1
5372,329,535,1
5373,329,405,1
5374,329,344,1
5375,329,466,1
5376,329,892,1
5377,329,1225,1
5378,402,1390,1
5379,1390,541,1
5380,986,621,1
5381,986,837,1
5382,142,229,1
5383,142,566,1
5384,1134,566,1
5385,867,143,1
5386,829,877,1
5387,287,1395,1
5388,878,642,1
5389,878,1361,1
5390,1151,666,1
5391,429,912,1
5392,173,793,1
5393,173,468,1
5394,17,837,1
5395,17,1107,1
5396,801,545,1
5397,593,465,1
5398,465,593,1
5399,202,913,1
5400,617,293,1
5401,632,403,1
5402,632,334,1
5403,855,1213,1
5404,855,1413,1
5405,168,1386,1
5406,1190,334,1
5407,1190,194,1
5408,650,1248,1
5409,650,1015,1
5410,735,1413,1
5411,1261,1201,1
5412,292,471,1
5413,675,116,1
5414,541,1390,1
5415,541,724,1
5416,219,1138,1
5417,219,209,1
5418,768,745,1
5419,1086,273,1
5420,1086,458,1
5421,241,1270,1
5422,241,293,1
5423,220,22,1
5424,220,730,1
5425,454,607,1
5426,454,980,1
5427,1270,241,1
5428,517,607,1
5429,1372,1243,1
5430,1126,1115,1
5431,40,702,1
5432,40,1107,1
