,TF,Target
0,43,186
1,43,405
2,43,58
3,43,366
4,43,889
5,43,91
6,43,119
7,43,899
8,43,300
9,43,858
10,43,534
11,43,380
12,43,105
13,43,655
14,43,211
15,43,612
16,43,132
17,43,117
18,43,47
19,43,219
20,43,498
21,43,592
22,43,856
23,43,157
24,43,85
25,43,94
26,43,525
27,43,815
28,43,340
29,43,120
30,43,905
31,43,741
32,43,423
33,43,620
34,43,548
35,43,828
36,43,515
37,43,57
38,43,38
39,43,697
40,43,136
41,43,249
42,43,37
43,43,571
44,43,173
45,43,618
46,43,163
47,43,435
48,43,357
49,43,305
50,43,296
51,43,869
52,43,185
53,43,632
54,43,406
55,43,728
56,43,8
57,43,594
58,43,384
59,43,16
60,43,402
61,43,583
62,43,182
63,43,499
64,43,270
65,43,373
66,43,519
67,43,336
68,43,39
69,43,165
70,43,333
71,43,79
72,43,567
73,43,685
74,43,312
75,43,716
76,43,495
77,43,225
78,43,191
79,43,809
80,43,721
81,43,590
82,43,455
83,43,408
84,43,205
85,43,30
86,43,833
87,43,576
88,43,284
89,43,894
90,43,636
91,43,661
92,43,483
93,43,295
94,43,41
95,43,144
96,43,25
97,43,166
98,43,562
99,43,607
100,43,631
101,43,722
102,43,429
103,43,866
104,43,591
105,43,293
106,43,135
107,43,209
108,43,842
109,43,468
110,43,900
111,43,263
112,43,749
113,43,779
114,43,276
115,43,177
116,43,374
117,43,236
118,43,829
119,43,812
120,43,610
121,43,517
122,43,746
123,43,824
124,43,4
125,43,425
126,43,84
127,43,45
128,43,124
129,43,801
130,43,723
131,43,839
132,43,376
133,43,7
134,43,550
135,43,399
136,43,142
137,43,174
138,43,850
139,43,907
140,43,581
141,43,638
142,43,743
143,43,901
144,43,49
145,43,491
146,43,585
147,43,69
148,43,582
149,43,489
150,43,226
151,43,717
152,43,542
153,43,264
154,43,777
155,43,168
156,43,641
157,43,539
158,43,212
159,43,175
160,43,167
161,43,909
162,43,727
163,43,237
164,43,450
165,43,771
166,43,235
167,43,208
168,43,145
169,43,840
170,43,338
171,43,827
172,43,202
173,43,323
174,43,651
175,43,744
176,43,169
177,43,692
178,43,864
179,43,183
180,43,601
181,43,526
182,43,403
183,43,656
184,43,643
185,43,382
186,43,569
187,43,701
188,43,476
189,43,204
190,43,153
191,43,108
192,43,86
193,43,114
194,43,760
195,43,649
196,43,155
197,43,107
198,43,20
199,43,770
200,43,447
201,43,754
202,43,627
203,43,361
204,43,383
205,43,896
206,43,439
207,43,691
208,43,193
209,43,417
210,43,317
211,43,897
212,43,392
213,43,502
214,43,490
215,43,885
216,43,279
217,43,487
218,43,577
219,43,364
220,43,325
221,43,845
222,43,753
223,43,260
224,43,401
225,43,246
226,43,412
227,43,814
228,43,803
229,43,625
230,43,269
231,43,189
232,43,381
233,43,742
234,43,230
235,43,248
236,43,420
237,43,288
238,43,33
239,43,665
240,43,710
241,43,88
242,43,804
243,43,528
244,43,740
245,43,888
246,43,102
247,43,122
248,43,411
249,43,469
250,43,190
251,43,634
252,43,699
253,43,65
254,43,349
255,43,874
256,43,123
257,43,558
258,43,605
259,43,231
260,43,471
261,43,438
262,43,698
263,43,836
264,43,817
265,43,679
266,43,400
267,43,472
268,43,232
269,43,546
270,43,184
271,43,370
272,43,767
273,43,253
274,43,761
275,43,372
276,43,535
277,43,171
278,43,834
279,43,311
280,43,71
281,43,156
282,43,481
283,43,404
284,43,268
285,43,530
286,43,521
287,43,463
288,43,315
289,43,321
290,43,377
291,43,597
292,43,445
293,43,602
294,43,24
295,43,368
296,43,500
297,43,427
298,43,867
299,43,891
300,43,255
301,43,467
302,43,671
303,43,385
304,43,73
305,43,431
306,43,574
307,43,422
308,43,884
309,43,331
310,43,787
311,43,683
312,43,494
313,43,267
314,43,63
315,43,564
316,43,371
317,43,838
318,43,437
319,43,652
320,43,77
321,43,23
322,43,857
323,43,188
324,43,44
325,43,170
326,43,522
327,43,13
328,43,675
329,43,159
330,43,363
331,43,297
332,43,224
333,43,22
334,43,290
335,43,790
336,43,265
337,43,442
338,43,553
339,43,21
340,43,464
341,43,648
342,43,221
343,43,292
344,43,811
345,43,718
346,43,310
347,43,410
348,43,563
349,43,285
350,43,904
351,43,793
352,43,763
353,43,782
354,43,452
355,43,341
356,43,36
357,43,589
358,43,121
359,43,358
360,43,503
361,43,540
362,43,860
363,43,389
364,43,101
365,43,565
366,43,762
367,43,886
368,43,659
369,43,684
370,43,434
371,43,133
372,43,566
373,43,516
374,43,0
375,43,658
376,43,419
377,43,800
378,43,653
379,43,457
380,43,750
381,43,876
382,43,251
383,43,223
384,43,391
385,43,60
386,43,282
387,43,734
388,43,677
389,43,690
390,43,506
391,43,737
392,43,892
393,43,908
394,43,210
395,43,222
396,43,12
397,43,673
398,43,529
399,43,67
400,43,378
401,43,151
402,43,451
403,43,216
404,43,111
405,43,291
406,43,785
407,43,281
408,43,719
409,43,523
410,43,593
411,43,220
412,43,841
413,43,250
414,43,141
415,43,696
416,43,440
417,43,510
418,43,806
419,43,756
420,43,504
421,43,501
422,43,207
423,43,116
424,43,365
425,43,578
426,43,11
427,43,843
428,43,848
429,43,229
430,43,680
431,43,479
432,43,507
433,43,454
434,43,306
435,43,868
436,43,470
437,43,775
438,43,509
439,43,192
440,43,497
441,43,228
442,43,496
443,43,178
444,43,664
445,43,200
446,43,629
447,43,797
448,43,466
449,43,887
450,43,322
451,43,274
452,43,448
453,43,329
454,43,446
455,43,549
456,43,3
457,43,559
458,43,273
459,43,335
460,43,639
461,43,227
462,43,613
463,43,109
464,43,706
465,43,78
466,43,879
467,43,238
468,43,459
469,43,736
470,43,512
471,43,294
472,43,50
473,43,152
474,43,789
475,43,456
476,43,906
477,43,319
478,43,345
479,43,527
480,43,873
481,43,660
482,43,82
483,49,373
484,49,28
485,49,805
486,49,311
487,49,664
488,49,626
489,49,840
490,49,378
491,49,115
492,49,304
493,49,766
494,49,376
495,49,502
496,49,215
497,49,306
498,49,732
499,56,226
500,56,173
501,56,839
502,56,680
503,56,602
504,56,68
505,56,675
506,56,782
507,56,359
508,56,799
509,56,110
510,56,290
511,56,621
512,56,604
513,56,397
514,56,64
515,56,578
516,56,626
517,56,641
518,56,862
519,56,6
520,56,885
521,56,666
522,56,270
523,56,343
524,56,141
525,56,7
526,56,498
527,56,548
528,56,298
529,56,496
530,56,744
531,56,146
532,56,84
533,56,468
534,56,464
535,56,215
536,56,888
537,56,692
538,56,856
539,56,790
540,56,83
541,56,817
542,56,452
543,56,312
544,56,503
545,56,385
546,56,328
547,56,20
548,56,509
549,56,795
550,56,773
551,56,381
552,56,388
553,56,665
554,56,188
555,56,759
556,56,184
557,56,237
558,56,865
559,56,152
560,56,532
561,56,787
562,56,345
563,56,550
564,56,535
565,56,866
566,56,87
567,56,119
568,56,28
569,56,656
570,56,73
571,56,267
572,56,422
573,56,126
574,56,172
575,56,462
576,56,115
577,56,655
578,56,757
579,56,891
580,56,252
581,56,507
582,56,635
583,56,560
584,56,116
585,56,715
586,56,446
587,56,251
588,56,569
589,56,210
590,56,794
591,56,896
592,56,282
593,56,302
594,56,874
595,56,750
596,56,693
597,56,21
598,56,785
599,56,506
600,56,754
601,56,33
602,56,339
603,56,461
604,56,660
605,56,284
606,56,858
607,56,784
608,56,624
609,56,165
610,56,894
611,56,404
612,56,547
613,56,597
614,56,281
615,56,610
616,56,178
617,56,644
618,56,434
619,56,433
620,56,474
621,56,411
622,56,76
623,56,307
624,56,684
625,56,622
626,56,22
627,56,156
628,56,792
629,56,803
630,56,123
631,56,192
632,56,761
633,56,576
634,56,804
635,56,424
636,56,471
637,56,70
638,56,303
639,56,0
640,56,319
641,56,43
642,56,777
643,56,49
644,56,886
645,56,365
646,56,450
647,56,419
648,56,102
649,56,708
650,56,589
651,56,558
652,56,231
653,56,62
654,56,579
655,56,577
656,56,494
657,56,243
658,56,500
659,56,843
660,56,727
661,56,512
662,56,823
663,56,566
664,56,294
665,56,402
666,56,398
667,56,467
668,56,65
669,62,585
670,62,894
671,62,841
672,62,104
673,62,590
674,62,69
675,62,258
676,62,872
677,62,368
678,62,823
679,62,621
680,62,519
681,62,495
682,62,180
683,62,862
684,62,44
685,62,860
686,62,76
687,62,92
688,62,272
689,62,564
690,62,30
691,62,592
692,62,424
693,62,680
694,62,119
695,62,770
696,62,661
697,62,716
698,62,152
699,62,450
700,62,418
701,62,779
702,62,815
703,62,719
704,62,33
705,62,821
706,62,115
707,62,106
708,62,238
709,62,231
710,62,122
711,62,95
712,62,343
713,62,423
714,62,510
715,62,852
716,62,327
717,62,226
718,62,597
719,62,329
720,62,859
721,62,591
722,62,883
723,62,417
724,62,328
725,62,223
726,62,546
727,62,276
728,62,471
729,62,9
730,62,41
731,62,694
732,62,288
733,62,61
734,62,299
735,62,68
736,62,411
737,62,593
738,62,451
739,62,387
740,62,239
741,62,160
742,62,63
743,62,494
744,62,868
745,62,652
746,62,629
747,62,167
748,62,508
749,62,375
750,62,586
751,62,605
752,62,134
753,62,489
754,62,791
755,62,602
756,62,525
757,62,237
758,62,561
759,62,159
760,62,674
761,62,730
762,62,438
763,62,511
764,62,764
765,62,558
766,62,668
767,62,330
768,62,269
769,62,720
770,62,644
771,62,47
772,62,384
773,62,85
774,62,891
775,62,812
776,62,322
777,62,874
778,62,88
779,62,204
780,62,575
781,62,589
782,62,666
783,62,799
784,62,817
785,62,805
786,62,463
787,62,45
788,62,135
789,62,155
790,62,306
791,62,654
792,62,530
793,62,784
794,62,263
795,62,236
796,62,446
797,62,294
798,62,25
799,62,737
800,62,221
801,62,502
802,62,83
803,62,596
804,62,252
805,62,571
806,62,175
807,62,696
808,62,165
809,62,395
810,62,127
811,62,679
812,62,715
813,62,43
814,62,797
815,62,539
816,62,537
817,62,402
818,62,98
819,62,114
820,62,320
821,62,35
822,62,505
823,62,865
824,62,660
825,62,843
826,62,96
827,62,0
828,62,192
829,62,110
830,62,785
831,62,781
832,62,839
833,62,312
834,62,234
835,62,613
836,62,569
837,62,151
838,62,608
839,62,65
840,62,796
841,62,190
842,62,163
843,62,24
844,62,717
845,62,49
846,62,64
847,62,724
848,62,426
849,62,632
850,62,672
851,62,46
852,62,634
853,62,55
854,62,486
855,62,647
856,62,641
857,62,811
858,62,906
859,62,707
860,62,534
861,62,516
862,62,504
863,62,401
864,62,130
865,62,316
866,62,731
867,62,684
868,62,339
869,62,624
870,62,419
871,62,498
872,62,293
873,62,385
874,62,277
875,62,390
876,62,346
877,62,858
878,62,7
879,62,398
880,62,547
881,62,445
882,62,376
883,62,757
884,62,73
885,62,82
886,62,18
887,62,603
888,62,435
889,62,193
890,62,333
891,62,744
892,62,467
893,62,800
894,62,20
895,62,742
896,62,12
897,62,264
898,62,673
899,62,831
900,110,723
901,110,159
902,110,694
903,110,143
904,110,539
905,110,33
906,110,63
907,110,381
908,110,79
909,110,282
910,110,859
911,110,230
912,110,481
913,110,221
914,110,879
915,110,782
916,110,709
917,110,503
918,110,535
919,110,85
920,110,881
921,110,899
922,110,384
923,110,800
924,110,160
925,110,444
926,110,35
927,110,537
928,110,468
929,110,672
930,110,500
931,110,687
932,110,599
933,110,435
934,110,555
935,110,419
936,110,263
937,110,153
938,110,9
939,110,288
940,110,318
941,110,489
942,110,327
943,110,876
944,110,551
945,110,453
946,110,652
947,110,30
948,110,156
949,110,602
950,110,264
951,110,24
952,110,785
953,110,660
954,110,572
955,110,882
956,110,169
957,110,525
958,110,239
959,110,28
960,110,545
961,110,656
962,110,346
963,110,251
964,110,644
965,110,184
966,110,138
967,110,576
968,110,120
969,110,55
970,110,450
971,110,73
972,110,92
973,110,810
974,110,811
975,110,165
976,110,684
977,110,738
978,110,325
979,110,205
980,110,506
981,110,622
982,110,645
983,110,114
984,110,717
985,110,117
986,110,527
987,110,374
988,110,46
989,110,607
990,110,208
991,110,504
992,110,231
993,110,17
994,110,760
995,110,666
996,110,339
997,110,68
998,110,241
999,110,426
1000,110,701
1001,110,355
1002,110,480
1003,110,459
1004,110,815
1005,110,787
1006,110,862
1007,110,119
1008,110,842
1009,110,76
1010,110,843
1011,110,634
1012,110,283
1013,110,91
1014,110,6
1015,110,894
1016,110,109
1017,110,204
1018,110,908
1019,110,462
1020,110,852
1021,110,302
1022,110,791
1023,110,627
1024,110,848
1025,110,456
1026,110,417
1027,110,200
1028,110,613
1029,110,340
1030,110,675
1031,110,190
1032,110,396
1033,110,376
1034,110,604
1035,110,821
1036,110,86
1037,110,667
1038,110,885
1039,110,442
1040,110,467
1041,110,298
1042,110,60
1043,110,831
1044,110,174
1045,110,771
1046,110,328
1047,110,764
1048,110,624
1049,110,516
1050,110,424
1051,110,823
1052,110,432
1053,110,566
1054,110,707
1055,110,828
1056,110,445
1057,110,310
1058,110,58
1059,110,166
1060,110,64
1061,110,715
1062,110,583
1063,110,905
1064,110,578
1065,110,736
1066,110,25
1067,110,236
1068,110,838
1069,110,560
1070,110,490
1071,110,494
1072,110,440
1073,110,182
1074,110,238
1075,110,364
1076,110,647
1077,110,638
1078,110,11
1079,110,387
1080,110,651
1081,110,892
1082,110,115
1083,110,804
1084,110,639
1085,110,632
1086,110,766
1087,110,47
1088,110,294
1089,110,530
1090,110,907
1091,110,304
1092,110,344
1093,110,385
1094,110,252
1095,110,49
1096,110,391
1097,110,410
1098,110,186
1099,110,146
1100,110,495
1101,110,587
1102,110,269
1103,110,744
1104,110,558
1105,110,679
1106,110,258
1107,110,7
1108,110,278
1109,110,517
1110,110,82
1111,110,31
1112,110,59
1113,110,301
1114,110,358
1115,110,219
1116,110,330
1117,110,180
1118,110,211
1119,110,375
1120,110,792
1121,110,178
1122,110,888
1123,110,285
1124,110,511
1125,110,36
1126,110,98
1127,175,801
1128,175,662
1129,175,237
1130,175,684
1131,175,495
1132,175,405
1133,175,589
1134,175,83
1135,175,376
1136,175,280
1137,175,503
1138,175,859
1139,175,806
1140,175,167
1141,175,289
1142,175,435
1143,175,136
1144,175,639
1145,175,290
1146,175,831
1147,175,843
1148,175,753
1149,175,640
1150,175,320
1151,175,339
1152,175,431
1153,175,599
1154,175,438
1155,175,114
1156,175,93
1157,175,577
1158,175,527
1159,175,906
1160,175,560
1161,175,433
1162,175,309
1163,175,236
1164,175,509
1165,175,434
1166,175,755
1167,175,765
1168,175,235
1169,175,891
1170,175,159
1171,175,585
1172,175,894
1173,175,795
1174,175,724
1175,175,87
1176,175,448
1177,175,814
1178,175,328
1179,175,569
1180,175,731
1181,175,909
1182,175,567
1183,175,689
1184,175,334
1185,175,707
1186,175,32
1187,175,155
1188,175,344
1189,175,418
1190,175,306
1191,175,839
1192,175,665
1193,175,716
1194,175,232
1195,175,710
1196,175,194
1197,175,841
1198,175,124
1199,175,610
1200,175,468
1201,175,323
1202,175,508
1203,175,664
1204,175,345
1205,175,319
1206,175,694
1207,175,373
1208,175,446
1209,175,40
1210,175,396
1211,175,330
1212,175,605
1213,175,483
1214,175,494
1215,175,661
1216,175,678
1217,175,770
1218,175,763
1219,175,776
1220,175,619
1221,175,784
1222,175,603
1223,175,202
1224,175,263
1225,175,188
1226,175,349
1227,175,857
1228,175,493
1229,175,502
1230,175,576
1231,175,460
1232,175,91
1233,175,497
1234,175,723
1235,175,406
1236,175,471
1237,175,549
1238,175,11
1239,175,702
1240,175,19
1241,175,791
1242,175,624
1243,175,501
1244,175,185
1245,175,636
1246,175,558
1247,175,241
1248,175,58
1249,175,86
1250,175,69
1251,175,115
1252,175,675
1253,175,64
1254,175,24
1255,175,102
1256,175,655
1257,175,395
1258,175,626
1259,175,333
1260,175,308
1261,175,85
1262,175,793
1263,175,463
1264,175,75
1265,175,587
1266,175,514
1267,175,500
1268,175,398
1269,175,767
1270,175,897
1271,175,805
1272,175,359
1273,175,315
1274,175,575
1275,175,822
1276,175,551
1277,175,276
1278,175,411
1279,175,174
1280,175,340
1281,175,96
1282,175,666
1283,175,154
1284,175,785
1285,175,885
1286,175,808
1287,175,861
1288,175,343
1289,175,899
1290,175,526
1291,175,761
1292,175,677
1293,175,355
1294,175,888
1295,175,22
1296,175,559
1297,175,522
1298,175,465
1299,175,439
1300,175,275
1301,175,507
1302,175,760
1303,175,131
1304,175,592
1305,175,462
1306,175,122
1307,175,563
1308,175,719
1309,175,474
1310,175,840
1311,175,417
1312,175,523
1313,175,190
1314,175,151
1315,175,860
1316,175,901
1317,175,81
1318,175,71
1319,175,498
1320,175,532
1321,175,59
1322,175,519
1323,175,12
1324,175,632
1325,175,538
1326,175,134
1327,175,219
1328,175,380
1329,175,293
1330,175,692
1331,175,892
1332,175,480
1333,175,868
1334,175,440
1335,175,564
1336,175,736
1337,175,789
1338,175,803
1339,175,749
1340,175,856
1341,175,388
1342,175,436
1343,175,368
1344,175,312
1345,175,177
1346,175,869
1347,175,809
1348,175,90
1349,175,748
1350,175,384
1351,175,224
1352,175,413
1353,175,442
1354,175,472
1355,175,759
1356,175,52
1357,175,127
1358,175,50
1359,175,104
1360,175,209
1361,175,212
1362,175,566
1363,175,455
1364,175,580
1365,175,287
1366,175,105
1367,175,375
1368,175,742
1369,175,693
1370,175,825
1371,175,737
1372,175,445
1373,175,61
1374,175,410
1375,175,644
1376,175,282
1377,175,733
1378,175,423
1379,175,0
1380,175,464
1381,175,865
1382,175,540
1383,175,358
1384,175,162
1385,175,121
1386,175,166
1387,175,203
1388,175,499
1389,175,732
1390,175,555
1391,175,374
1392,175,511
1393,175,556
1394,175,667
1395,175,581
1396,175,371
1397,175,590
1398,175,230
1399,175,842
1400,175,858
1401,175,612
1402,175,229
1403,187,273
1404,187,658
1405,259,432
1406,259,631
1407,259,827
1408,259,515
1409,259,138
1410,259,256
1411,259,190
1412,259,231
1413,259,892
1414,259,143
1415,259,65
1416,259,452
1417,259,184
1418,259,601
1419,259,831
1420,259,901
1421,259,470
1422,259,285
1423,259,770
1424,259,467
1425,259,513
1426,259,385
1427,259,891
1428,259,287
1429,259,97
1430,259,449
1431,259,152
1432,259,630
1433,259,383
1434,259,578
1435,297,410
1436,297,231
1437,297,299
1438,297,424
1439,297,511
1440,297,796
1441,297,433
1442,297,151
1443,297,83
1444,297,767
1445,305,375
1446,305,73
1447,305,759
1448,305,251
1449,305,735
1450,305,65
1451,305,874
1452,305,856
1453,305,110
1454,305,86
1455,305,273
1456,305,791
1457,305,579
1458,305,785
1459,305,645
1460,355,58
1461,355,424
1462,355,110
1463,355,608
1464,355,385
1465,355,20
1466,355,165
1467,355,629
1468,355,346
1469,355,168
1470,355,7
1471,355,312
1472,355,804
1473,355,356
1474,355,622
1475,355,238
1476,355,272
1477,355,155
1478,355,221
1479,355,61
1480,355,97
1481,355,358
1482,355,644
1483,355,744
1484,355,827
1485,355,33
1486,355,259
1487,355,322
1488,355,748
1489,355,812
1490,355,578
1491,355,16
1492,355,576
1493,355,680
1494,355,138
1495,355,130
1496,355,335
1497,355,105
1498,355,755
1499,355,765
1500,355,131
1501,355,468
1502,355,316
1503,355,231
1504,355,805
1505,355,159
1506,355,76
1507,355,707
1508,355,561
1509,355,410
1510,355,558
1511,355,860
1512,355,852
1513,355,190
1514,355,248
1515,374,684
1516,374,694
1517,399,313
1518,399,866
1519,399,271
1520,399,13
1521,399,80
1522,399,267
1523,399,309
1524,399,603
1525,399,480
1526,399,182
1527,399,424
1528,399,462
1529,399,300
1530,399,186
1531,399,130
1532,399,398
1533,399,735
1534,399,736
1535,399,30
1536,399,231
1537,399,563
1538,399,694
1539,399,841
1540,399,452
1541,399,687
1542,399,834
1543,399,701
1544,399,629
1545,399,500
1546,399,811
1547,399,219
1548,399,900
1549,399,233
1550,399,221
1551,399,334
1552,399,575
1553,399,586
1554,399,675
1555,399,44
1556,399,555
1557,399,335
1558,399,146
1559,399,385
1560,399,540
1561,399,780
1562,399,450
1563,399,519
1564,399,879
1565,399,11
1566,399,391
1567,399,791
1568,399,792
1569,399,210
1570,399,852
1571,399,380
1572,399,79
1573,399,609
1574,399,496
1575,399,225
1576,399,446
1577,399,707
1578,399,514
1579,399,158
1580,399,556
1581,399,376
1582,399,448
1583,399,165
1584,399,672
1585,399,777
1586,399,908
1587,399,757
1588,399,377
1589,399,693
1590,399,548
1591,399,387
1592,399,647
1593,399,648
1594,399,234
1595,399,804
1596,399,547
1597,399,59
1598,399,230
1599,399,831
1600,399,91
1601,399,433
1602,399,656
1603,399,440
1604,399,184
1605,399,585
1606,399,49
1607,399,95
1608,399,525
1609,399,645
1610,399,19
1611,399,83
1612,399,684
1613,399,726
1614,399,378
1615,399,413
1616,399,373
1617,399,754
1618,399,104
1619,399,516
1620,399,488
1621,399,644
1622,399,175
1623,399,143
1624,399,390
1625,399,903
1626,399,731
1627,399,358
1628,399,138
1629,399,65
1630,399,270
1631,399,28
1632,399,515
1633,399,349
1634,399,765
1635,399,441
1636,399,363
1637,399,388
1638,399,381
1639,399,573
1640,399,155
1641,399,509
1642,399,741
1643,399,128
1644,399,505
1645,399,664
1646,399,671
1647,399,906
1648,399,860
1649,399,211
1650,399,665
1651,399,288
1652,399,836
1653,399,468
1654,399,62
1655,399,208
1656,399,469
1657,399,715
1658,399,204
1659,399,892
1660,399,443
1661,399,18
1662,399,710
1663,399,119
1664,399,311
1665,399,577
1666,399,827
1667,399,323
1668,399,753
1669,399,152
1670,399,498
1671,399,718
1672,399,798
1673,399,601
1674,399,229
1675,399,61
1676,399,785
1677,399,98
1678,399,816
1679,399,45
1680,399,318
1681,399,307
1682,399,132
1683,399,368
1684,399,97
1685,399,799
1686,399,103
1687,399,503
1688,399,206
1689,399,340
1690,399,487
1691,399,117
1692,399,73
1693,399,766
1694,399,889
1695,399,290
1696,399,763
1697,399,68
1698,399,661
1699,399,110
1700,399,801
1701,399,241
1702,399,558
1703,399,345
1704,399,891
1705,399,511
1706,399,371
1707,399,366
1708,399,0
1709,399,418
1710,399,84
1711,399,329
1712,399,386
1713,399,595
1714,399,88
1715,399,55
1716,399,192
1717,399,237
1718,407,622
1719,407,322
1720,407,55
1721,407,662
1722,407,604
1723,407,62
1724,407,188
1725,407,645
1726,407,439
1727,407,666
1728,407,687
1729,407,705
1730,407,70
1731,407,433
1732,407,231
1733,407,78
1734,407,452
1735,407,440
1736,407,487
1737,407,72
1738,407,98
1739,407,569
1740,407,902
1741,407,909
1742,407,417
1743,407,24
1744,407,60
1745,407,585
1746,407,146
1747,407,33
1748,407,668
1749,407,743
1750,407,68
1751,407,88
1752,407,894
1753,407,899
1754,407,747
1755,407,76
1756,407,694
1757,407,536
1758,407,424
1759,407,481
1760,407,774
1761,407,65
1762,407,715
1763,407,589
1764,407,901
1765,407,441
1766,407,891
1767,407,614
1768,407,373
1769,407,234
1770,407,881
1771,407,217
1772,407,525
1773,407,184
1774,407,290
1775,407,629
1776,407,334
1777,407,550
1778,407,96
1779,407,671
1780,407,385
1781,407,240
1782,407,301
1783,407,601
1784,407,356
1785,407,744
1786,407,325
1787,407,476
1788,407,566
1789,443,810
1790,443,891
1791,443,799
1792,443,820
1793,443,151
1794,443,849
1795,443,320
1796,443,550
1797,443,358
1798,443,208
1799,443,795
1800,443,31
1801,443,892
1802,443,424
1803,443,509
1804,443,80
1805,443,859
1806,443,581
1807,443,122
1808,443,728
1809,443,455
1810,443,101
1811,443,223
1812,443,293
1813,443,135
1814,443,161
1815,443,43
1816,443,79
1817,443,485
1818,443,328
1819,443,251
1820,443,587
1821,443,640
1822,443,336
1823,443,190
1824,443,115
1825,443,94
1826,443,8
1827,443,716
1828,443,503
1829,443,660
1830,443,69
1831,443,165
1832,443,906
1833,443,666
1834,443,626
1835,443,417
1836,443,146
1837,443,504
1838,443,186
1839,443,451
1840,443,605
1841,443,377
1842,443,310
1843,443,732
1844,443,787
1845,443,276
1846,443,49
1847,443,355
1848,443,840
1849,443,263
1850,443,838
1851,443,493
1852,443,431
1853,443,257
1854,443,398
1855,443,668
1856,443,519
1857,443,858
1858,443,885
1859,443,707
1860,443,754
1861,443,56
1862,443,752
1863,443,846
1864,443,381
1865,443,831
1866,443,375
1867,443,791
1868,443,175
1869,443,753
1870,443,822
1871,443,781
1872,443,864
1873,443,429
1874,443,240
1875,443,204
1876,443,380
1877,443,65
1878,443,132
1879,443,159
1880,443,12
1881,443,866
1882,443,674
1883,443,564
1884,443,902
1885,443,131
1886,443,97
1887,443,621
1888,443,40
1889,443,327
1890,443,193
1891,443,61
1892,443,459
1893,443,334
1894,443,446
1895,443,435
1896,443,809
1897,443,442
1898,443,896
1899,443,823
1900,443,312
1901,443,525
1902,443,64
1903,443,384
1904,443,843
1905,443,899
1906,443,580
1907,443,294
1908,443,35
1909,443,800
1910,443,603
1911,443,457
1912,443,330
1913,443,18
1914,443,905
1915,443,639
1916,443,530
1917,443,529
1918,443,450
1919,443,763
1920,443,11
1921,443,589
1922,443,192
1923,443,867
1924,443,179
1925,443,577
1926,443,499
1927,443,87
1928,443,253
1929,443,86
1930,443,750
1931,443,755
1932,443,586
1933,443,908
1934,443,869
1935,443,224
1936,443,544
1937,443,368
1938,443,770
1939,443,546
1940,443,568
1941,443,730
1942,443,819
1943,443,742
1944,443,47
1945,443,333
1946,443,138
1947,443,325
1948,443,497
1949,443,804
1950,443,1
1951,443,574
1952,443,736
1953,443,78
1954,443,673
1955,443,30
1956,443,496
1957,454,892
1958,454,206
1959,454,182
1960,454,655
1961,454,366
1962,454,754
1963,454,381
1964,454,715
1965,454,128
1966,454,909
1967,454,749
1968,454,566
1969,454,388
1970,454,487
1971,454,801
1972,454,696
1973,454,322
1974,454,127
1975,454,210
1976,454,694
1977,454,812
1978,454,72
1979,454,795
1980,454,495
1981,454,604
1982,454,488
1983,454,302
1984,454,744
1985,454,279
1986,454,481
1987,454,811
1988,454,453
1989,454,474
1990,454,639
1991,454,122
1992,454,452
1993,454,609
1994,454,834
1995,454,163
1996,454,417
1997,454,585
1998,454,336
1999,454,248
2000,454,83
2001,454,578
2002,454,24
2003,454,101
2004,454,743
2005,454,902
2006,454,580
2007,454,62
2008,454,680
2009,454,306
2010,454,184
2011,454,507
2012,454,424
2013,454,440
2014,454,443
2015,454,441
2016,454,110
2017,454,462
2018,454,263
2019,454,853
2020,454,162
2021,454,71
2022,454,76
2023,454,741
2024,454,687
2025,454,84
2026,454,145
2027,454,817
2028,454,644
2029,454,68
2030,454,496
2031,454,908
2032,454,805
2033,454,472
2034,454,526
2035,454,298
2036,454,46
2037,454,209
2038,454,656
2039,454,211
2040,454,355
2041,454,738
2042,454,497
2043,454,562
2044,454,7
2045,454,208
2046,454,230
2047,454,292
2048,454,236
2049,454,635
2050,454,235
2051,454,431
2052,454,141
2053,454,899
2054,454,860
2055,454,620
2056,454,736
2057,454,905
2058,454,259
2059,454,601
2060,454,130
2061,515,630
2062,515,371
2063,515,97
2064,515,467
2065,515,461
2066,515,383
2067,515,452
2068,515,645
2069,515,241
2070,515,578
2071,515,424
2072,515,385
2073,515,500
2074,515,903
2075,516,810
2076,516,323
2077,516,312
2078,516,117
2079,516,406
2080,516,708
2081,516,381
2082,516,905
2083,516,577
2084,516,294
2085,516,664
2086,516,860
2087,516,97
2088,516,365
2089,516,31
2090,516,906
2091,516,341
2092,516,579
2093,516,586
2094,516,290
2095,516,253
2096,516,785
2097,516,602
2098,516,230
2099,516,766
2100,516,839
2101,516,405
2102,516,87
2103,532,483
2104,532,406
2105,532,841
2106,532,190
2107,532,24
2108,532,376
2109,532,308
2110,532,636
2111,532,173
2112,532,161
2113,532,500
2114,532,83
2115,532,440
2116,532,193
2117,532,256
2118,532,230
2119,532,707
2120,532,25
2121,532,909
2122,532,106
2123,532,50
2124,532,905
2125,532,843
2126,532,214
2127,532,267
2128,532,606
2129,532,810
2130,532,68
2131,532,108
2132,532,84
2133,532,76
2134,532,413
2135,532,575
2136,532,249
2137,532,12
2138,532,499
2139,532,696
2140,532,908
2141,532,874
2142,532,248
2143,532,444
2144,532,560
2145,532,202
2146,532,461
2147,532,801
2148,532,48
2149,532,882
2150,532,336
2151,532,546
2152,532,805
2153,532,751
2154,532,719
2155,558,463
2156,558,763
2157,558,494
2158,558,714
2159,558,250
2160,558,264
2161,558,287
2162,558,423
2163,558,672
2164,558,461
2165,558,909
2166,558,797
2167,558,592
2168,558,432
2169,558,577
2170,558,248
2171,558,227
2172,558,493
2173,558,380
2174,558,720
2175,558,502
2176,558,540
2177,558,823
2178,558,822
2179,558,621
2180,558,671
2181,558,856
2182,558,597
2183,558,330
2184,558,744
2185,558,460
2186,558,866
2187,558,224
2188,558,192
2189,558,98
2190,558,465
2191,558,749
2192,558,102
2193,558,527
2194,558,48
2195,558,722
2196,558,781
2197,558,899
2198,558,405
2199,558,549
2200,558,190
2201,558,626
2202,558,791
2203,558,329
2204,558,565
2205,558,635
2206,558,11
2207,558,643
2208,558,551
2209,558,275
2210,558,252
2211,558,680
2212,558,580
2213,558,556
2214,558,443
2215,558,474
2216,558,128
2217,558,522
2218,558,403
2219,558,736
2220,558,905
2221,558,513
2222,558,534
2223,558,223
2224,558,495
2225,558,206
2226,558,117
2227,558,583
2228,558,345
2229,558,840
2230,558,357
2231,558,366
2232,558,476
2233,558,732
2234,558,177
2235,558,79
2236,558,848
2237,558,33
2238,558,486
2239,558,696
2240,558,178
2241,558,472
2242,558,401
2243,558,640
2244,558,141
2245,558,559
2246,558,516
2247,558,398
2248,558,545
2249,558,466
2250,558,355
2251,558,45
2252,558,65
2253,558,92
2254,558,459
2255,558,323
2256,558,467
2257,558,0
2258,558,874
2259,558,69
2260,558,609
2261,558,892
2262,558,843
2263,558,306
2264,558,73
2265,558,255
2266,558,288
2267,558,681
2268,558,24
2269,558,854
2270,558,145
2271,558,440
2272,558,47
2273,558,772
2274,558,624
2275,558,78
2276,558,496
2277,558,757
2278,558,61
2279,558,636
2280,558,415
2281,558,902
2282,558,49
2283,558,127
2284,558,253
2285,558,869
2286,558,448
2287,558,813
2288,558,488
2289,558,184
2290,558,828
2291,558,333
2292,558,648
2293,558,860
2294,558,376
2295,558,374
2296,558,431
2297,558,55
2298,558,131
2299,558,868
2300,558,605
2301,558,165
2302,558,114
2303,558,390
2304,558,89
2305,558,575
2306,558,22
2307,558,156
2308,558,276
2309,558,146
2310,558,167
2311,558,115
2312,558,52
2313,558,896
2314,558,608
2315,558,424
2316,558,652
2317,558,602
2318,558,906
2319,558,237
2320,558,310
2321,558,728
2322,558,359
2323,558,891
2324,558,229
2325,558,267
2326,558,519
2327,558,743
2328,558,834
2329,558,239
2330,558,468
2331,558,302
2332,558,855
2333,558,838
2334,558,651
2335,558,799
2336,558,814
2337,558,180
2338,558,716
2339,558,76
2340,558,135
2341,558,143
2342,558,446
2343,558,280
2344,558,290
2345,558,612
2346,558,586
2347,558,4
2348,558,485
2349,584,322
2350,584,846
2351,584,205
2352,584,50
2353,584,770
2354,584,166
2355,618,451
2356,618,722
2357,618,803
2358,618,273
2359,618,372
2360,618,901
2361,618,449
2362,618,895
2363,618,629
2364,618,538
2365,618,644
2366,618,555
2367,618,17
2368,618,857
2369,618,45
2370,618,140
2371,618,205
2372,618,568
2373,618,467
2374,618,284
2375,618,679
2376,618,846
2377,618,570
2378,618,903
2379,618,908
2380,618,450
2381,618,385
2382,618,635
2383,618,204
2384,618,143
2385,618,24
2386,618,25
2387,618,770
2388,618,715
2389,618,383
2390,618,470
2391,618,11
2392,618,309
2393,618,515
2394,618,596
2395,618,33
2396,618,741
2397,618,879
2398,618,872
2399,624,82
2400,624,631
2401,624,258
2402,624,31
2403,624,869
2404,624,120
2405,624,621
2406,624,707
2407,624,251
2408,624,390
2409,624,405
2410,624,184
2411,624,534
2412,624,888
2413,624,329
2414,624,412
2415,624,559
2416,624,577
2417,624,446
2418,624,497
2419,654,404
2420,654,459
2421,654,632
2422,654,7
2423,654,791
2424,654,151
2425,654,376
2426,654,172
2427,654,175
2428,654,186
2429,654,806
2430,654,246
2431,654,19
2432,654,549
2433,654,235
2434,654,843
2435,654,468
2436,654,79
2437,654,674
2438,654,28
2439,654,69
2440,654,263
2441,740,154
2442,740,581
2443,740,595
2444,740,447
2445,740,340
2446,740,398
2447,740,320
2448,740,153
2449,740,24
2450,740,388
2451,740,411
2452,740,648
2453,740,641
2454,740,361
2455,740,823
2456,740,125
2457,740,794
2458,740,453
2459,740,806
2460,740,210
2461,740,157
2462,740,206
2463,740,2
2464,740,498
2465,740,91
2466,740,4
2467,740,375
2468,740,576
2469,740,67
2470,740,619
2471,740,207
2472,740,755
2473,740,462
2474,740,211
2475,740,43
2476,740,258
2477,740,53
2478,740,124
2479,740,718
2480,740,574
2481,740,770
2482,740,801
2483,740,229
2484,740,167
2485,740,355
2486,740,442
2487,740,515
2488,740,730
2489,740,237
2490,740,706
2491,740,667
2492,740,227
2493,740,500
2494,740,450
2495,740,468
2496,740,609
2497,740,624
2498,740,669
2499,740,723
2500,740,440
2501,740,892
2502,740,183
2503,740,546
2504,740,516
2505,740,234
2506,740,168
2507,740,408
2508,740,155
2509,740,128
2510,740,151
2511,740,559
2512,740,634
2513,740,446
2514,740,906
2515,740,432
2516,740,889
2517,740,791
2518,740,89
2519,740,534
2520,740,417
2521,740,772
2522,740,240
2523,740,591
2524,740,493
2525,740,50
2526,740,221
2527,740,873
2528,740,733
2529,740,334
2530,740,583
2531,740,127
2532,740,721
2533,740,868
2534,740,159
2535,740,817
2536,740,549
2537,740,162
2538,740,395
2539,740,752
2540,740,485
2541,740,76
2542,740,413
2543,740,143
2544,740,205
2545,740,223
2546,740,869
2547,740,626
2548,740,565
2549,740,548
2550,740,235
2551,740,86
2552,740,804
2553,740,312
2554,740,820
2555,740,519
2556,740,512
2557,740,443
2558,740,556
2559,740,644
2560,740,857
2561,740,631
2562,740,865
2563,740,7
2564,740,290
2565,740,184
2566,740,136
2567,740,101
2568,740,288
2569,740,831
2570,740,651
2571,740,580
2572,740,567
2573,740,568
2574,740,797
2575,740,800
2576,740,717
2577,740,694
2578,740,640
2579,740,371
2580,740,518
2581,740,163
2582,740,345
2583,740,888
2584,740,587
2585,740,424
2586,740,335
2587,740,204
2588,740,22
2589,740,434
2590,740,20
2591,740,366
2592,740,275
2593,740,784
2594,740,6
2595,740,401
2596,740,285
2597,740,841
2598,740,665
2599,740,122
2600,740,708
2601,740,344
2602,740,358
2603,740,46
2604,740,45
2605,740,333
2606,740,267
2607,740,292
2608,740,709
2609,740,41
2610,740,842
2611,740,470
2612,740,256
2613,740,376
2614,740,108
2615,740,880
2616,740,56
2617,740,673
2618,793,639
2619,793,311
2620,793,826
2621,793,292
2622,793,305
2623,793,166
2624,793,909
2625,793,614
2626,793,208
2627,793,687
2628,793,816
2629,793,638
2630,793,298
2631,793,383
2632,793,475
2633,793,492
2634,793,633
2635,793,669
2636,793,284
2637,793,321
2638,793,15
2639,793,507
2640,793,45
2641,793,461
2642,793,493
2643,793,778
2644,793,550
2645,793,486
2646,793,670
2647,793,247
2648,793,313
2649,793,467
2650,793,540
2651,793,338
2652,793,882
2653,793,821
2654,793,473
2655,793,370
2656,793,648
2657,793,110
2658,793,174
2659,793,382
2660,793,463
2661,793,201
2662,793,16
2663,793,616
2664,793,187
2665,793,500
2666,793,107
2667,793,708
2668,793,21
2669,793,850
2670,793,439
2671,793,420
2672,793,797
2673,793,119
2674,793,429
2675,793,443
2676,793,133
2677,793,359
2678,793,349
2679,793,780
2680,793,470
2681,793,902
2682,793,678
2683,793,23
2684,793,153
2685,793,833
2686,793,726
2687,793,649
2688,793,794
2689,793,17
2690,793,309
2691,793,220
2692,793,213
2693,793,48
2694,793,487
2695,805,433
2696,805,345
2697,805,823
2698,805,629
2699,805,146
2700,805,792
2701,805,147
2702,805,496
2703,805,468
2704,805,3
2705,873,158
2706,873,388
2707,873,671
2708,873,680
2709,873,576
2710,873,243
2711,873,322
2712,873,229
2713,873,408
2714,873,583
2715,873,20
2716,873,568
2717,873,578
2718,873,355
2719,873,504
2720,873,768
2721,873,33
2722,873,597
2723,873,564
2724,873,498
2725,882,424
2726,895,671
2727,895,905
2728,895,575
2729,895,558
2730,895,68
2731,895,483
2732,895,7
2733,895,138
2734,895,62
2735,895,752
2736,895,20
2737,895,86
2738,895,238
2739,895,626
2740,895,680
2741,895,433
2742,895,748
2743,895,516
2744,895,388
2745,895,330
2746,895,579
2747,895,343
2748,895,70
2749,895,792
2750,895,281
2751,895,576
2752,895,624
2753,895,346
2754,895,407
2755,895,61
2756,895,666
2757,895,76
2758,895,168
2759,895,363
2760,895,481
2761,895,795
2762,895,312
2763,895,547
2764,895,474
2765,895,755
2766,895,706
2767,895,110
2768,895,18
2769,895,190
2770,895,83
2771,895,55
2772,895,732
2773,895,165
2774,895,128
2775,895,546
2776,895,620
2777,895,255
2778,895,424
2779,895,184
2780,895,504
2781,895,872
2782,895,852
2783,895,727
2784,900,401
2785,900,495
2786,900,162
2787,900,486
2788,900,236
2789,900,530
2790,900,583
2791,900,469
2792,900,121
2793,900,853
2794,900,325
2795,900,707
2796,900,799
2797,900,288
2798,900,336
2799,900,651
2800,900,420
2801,900,430
2802,900,395
2803,900,586
2804,900,390
2805,900,130
2806,900,772
2807,900,474
2808,900,639
2809,900,843
2810,900,829
2811,900,153
2812,900,849
2813,900,360
2814,900,880
2815,900,638
2816,908,211
2817,908,690
2818,908,799
2819,908,460
2820,908,95
2821,908,853
2822,908,102
2823,908,212
2824,908,902
2825,908,728
2826,908,335
2827,908,824
2828,908,160
2829,908,239
2830,908,636
2831,908,182
2832,908,4
2833,908,860
2834,908,375
2835,908,534
2836,908,655
2837,908,130
2838,908,568
2839,908,461
2840,908,258
2841,908,622
2842,908,302
2843,908,836
2844,908,202
2845,908,391
2846,908,743
2847,908,131
2848,908,716
2849,908,240
2850,908,471
2851,908,906
2852,908,319
2853,908,192
2854,908,585
2855,908,357
2856,908,535
2857,908,325
2858,908,575
2859,908,25
2860,908,151
2861,908,548
2862,908,330
2863,908,885
2864,908,255
2865,908,867
2866,908,90
2867,908,489
2868,908,665
2869,908,252
2870,908,565
2871,908,432
2872,908,340
2873,908,68
2874,908,842
2875,908,213
2876,908,96
2877,908,787
2878,908,909
2879,908,511
2880,908,81
2881,908,91
2882,908,503
2883,908,386
2884,908,287
2885,908,831
2886,908,159
2887,908,771
2888,908,634
2889,908,359
2890,908,721
2891,908,753
2892,908,390
2893,908,167
2894,908,749
2895,908,894
2896,908,785
2897,908,809
2898,908,736
2899,908,417
2900,908,71
2901,908,426
2902,908,437
2903,908,900
2904,908,561
2905,908,43
2906,908,879
2907,908,65
2908,908,336
2909,908,581
2910,908,280
2911,908,731
2912,908,333
2913,908,223
2914,908,702
2915,908,705
2916,908,320
2917,908,896
2918,908,445
2919,908,671
2920,908,380
2921,908,204
2922,908,680
2923,908,815
2924,908,504
2925,908,678
2926,908,724
2927,908,500
2928,908,840
2929,908,31
2930,908,668
2931,908,493
2932,908,620
2933,908,886
2934,908,578
2935,908,559
2936,908,414
2937,908,145
2938,908,800
2939,908,104
2940,908,366
2941,908,891
2942,908,727
2943,908,485
2944,908,811
2945,908,560
2946,908,376
2947,908,499
2948,908,672
2949,908,50
2950,908,533
2951,908,384
2952,908,46
2953,908,790
2954,908,329
2955,908,438
2956,908,235
2957,908,513
2958,908,465
2959,908,61
2960,908,288
2961,908,431
2962,908,224
2963,908,339
2964,908,117
2965,908,86
2966,908,22
2967,908,770
2968,908,12
2969,908,89
2970,908,838
2971,908,101
2972,908,105
2973,908,206
2974,908,791
2975,908,486
2976,908,381
2977,908,430
2978,908,251
2979,908,707
2980,908,411
2981,908,162
2982,908,722
2983,908,638
2984,908,415
2985,908,632
2986,908,610
2987,908,577
2988,908,732
2989,908,735
2990,908,641
2991,908,152
2992,908,263
2993,908,899
2994,908,797
2995,908,141
2996,908,801
2997,908,777
2998,908,639
2999,908,30
3000,908,846
3001,908,547
3002,908,270
3003,908,356
3004,908,208
3005,908,312
3006,908,429
3007,908,236
3008,908,602
3009,908,447
3010,908,849
3011,908,871
3012,908,823
3013,908,355
3014,908,822
3015,908,882
3016,908,433
3017,908,128
3018,908,887
3019,908,135
3020,908,607
3021,908,760
3022,908,814
3023,908,134
3024,908,11
3025,908,772
3026,908,593
3027,908,248
3028,908,674
3029,908,859
